WMU,Year,Active Hunters,Bull Harvests,Cow Harvests,Calf Harvests,Total Harvests
18,2022,246,164,120,162,116
49,2016,345,22,99,135,185
94,2009,363,114,50,153,389
76,2015,204,65,173,163,50
86,2016,212,13,73,28,83
74,2017,306,193,94,4,198
95,2011,254,6,87,198,147
90,2016,62,87,48,106,3
32,2013,179,47,42,96,384
6,2023,103,145,157,182,353
37,2020,2,155,79,32,111
31,2013,276,197,53,15,1
86,2012,451,103,147,86,24
53,2019,119,103,66,26,119
18,2012,246,72,171,105,387
31,2014,300,142,25,66,189
26,2012,188,30,24,6,313
95,2010,479,161,156,111,125
16,2022,363,86,103,35,263
16,2020,161,78,89,52,307
2,2021,56,92,130,134,296
63,2017,305,61,32,52,324
19,2023,258,68,154,17,18
67,2019,84,35,151,76,394
1,2009,294,77,132,163,61
22,2018,140,177,38,110,5
78,2013,440,124,189,106,377
78,2014,118,47,95,159,344
46,2022,167,138,28,0,213
68,2023,413,193,119,151,384
66,2011,385,180,104,161,331
88,2014,491,187,6,58,47
56,2019,65,45,182,114,372
46,2021,233,178,110,189,81
45,2015,165,138,160,144,88
65,2015,356,89,39,97,319
69,2012,329,103,76,179,178
21,2023,417,94,66,52,249
47,2021,119,171,104,35,126
78,2018,18,194,28,40,242
47,2010,253,59,120,162,59
83,2015,352,38,185,47,223
6,2014,75,18,172,90,265
28,2014,483,97,13,42,254
95,2017,260,104,65,29,312
59,2020,290,39,112,0,209
14,2023,298,26,87,158,67
96,2021,350,95,155,176,106
100,2015,146,24,124,122,234
76,2012,138,172,20,42,348
30,2020,438,51,55,93,24
90,2022,46,64,8,9,209
65,2023,26,160,73,29,71
96,2019,128,133,27,100,257
7,2015,194,125,59,184,267
11,2017,342,44,41,172,327
3,2015,78,196,79,29,153
10,2015,345,92,54,152,310
50,2009,408,21,110,66,282
63,2019,337,86,74,66,301
88,2010,22,121,117,127,227
97,2021,452,85,41,2,196
63,2021,399,141,74,170,342
39,2019,113,44,124,65,83
26,2009,10,173,177,145,399
49,2013,203,30,91,185,319
49,2015,38,197,43,189,203
84,2022,212,78,112,99,380
2,2020,490,89,191,136,353
45,2009,164,90,158,148,106
89,2021,470,200,64,156,333
68,2018,393,28,128,185,31
16,2010,474,55,12,116,19
63,2017,222,78,93,39,225
64,2016,87,38,147,150,124
68,2020,429,52,178,29,169
15,2015,83,70,138,117,169
86,2023,171,194,163,115,7
46,2014,270,27,117,179,181
20,2009,376,197,139,143,222
19,2009,257,183,132,149,310
56,2018,311,92,195,109,35
5,2018,391,180,47,100,9
66,2010,257,123,26,183,400
47,2018,189,199,167,140,69
9,2020,138,137,25,71,310
37,2012,96,130,77,112,258
50,2011,479,136,130,96,75
38,2021,87,151,173,115,68
88,2023,340,101,6,96,312
31,2022,15,159,20,129,331
88,2019,171,38,192,17,201
38,2013,478,174,164,162,104
74,2010,196,4,58,128,282
60,2017,447,85,51,79,194
72,2019,472,139,84,134,91
17,2023,491,99,186,92,362
72,2011,425,62,11,79,70
72,2019,163,110,65,144,275
12,2022,145,146,29,16,79
85,2019,354,128,162,156,198
67,2010,27,58,109,111,304
48,2021,203,87,106,97,75
22,2016,378,31,77,135,187
20,2009,112,7,123,8,152
22,2010,164,17,136,193,284
82,2011,390,85,183,146,380
51,2023,262,122,166,139,390
71,2013,113,22,64,102,61
73,2010,352,120,126,145,210
54,2010,171,198,127,55,3
24,2013,172,152,152,8,200
11,2022,102,45,75,189,90
1,2022,330,34,92,74,394
51,2021,30,121,62,183,290
76,2014,328,58,188,34,194
63,2017,349,94,87,14,61
67,2017,342,93,181,185,79
97,2009,264,181,99,105,327
58,2014,169,162,162,65,19
65,2019,311,119,37,0,153
22,2009,162,187,147,179,198
16,2017,39,138,159,120,28
19,2010,15,8,25,149,90
5,2010,31,16,102,25,297
26,2009,314,145,21,17,315
37,2017,71,62,54,65,358
11,2010,384,12,32,19,36
24,2010,215,99,109,168,66
36,2010,399,192,22,153,378
26,2010,297,108,28,16,391
2,2012,434,100,135,45,177
71,2009,495,160,159,159,280
98,2016,155,163,175,59,255
21,2009,290,86,94,25,266
91,2019,350,61,49,117,120
40,2010,14,69,99,123,244
4,2013,289,63,176,38,234
72,2011,200,104,27,29,365
22,2018,29,33,194,29,314
14,2018,151,88,78,90,388
18,2012,411,11,8,36,267
18,2020,196,26,45,111,386
99,2009,309,106,101,32,124
90,2015,339,128,177,75,239
7,2021,70,170,158,45,68
81,2010,355,42,160,51,184
16,2020,386,14,8,20,290
97,2010,484,130,32,76,84
87,2011,79,19,25,63,336
17,2014,361,11,149,156,69
97,2012,246,170,148,183,291
60,2017,480,74,85,134,292
42,2013,44,172,200,157,145
70,2011,357,150,103,183,256
4,2023,132,135,113,138,21
78,2012,413,23,24,69,389
65,2018,376,32,193,65,350
86,2011,252,104,137,101,335
26,2022,33,196,192,79,0
94,2023,256,52,69,104,342
87,2016,472,122,167,41,122
90,2020,407,25,100,72,217
36,2017,321,80,1,174,82
70,2019,422,131,13,22,354
64,2013,53,146,151,123,315
71,2013,210,142,125,188,146
23,2010,64,78,104,106,170
71,2021,26,69,52,185,58
31,2011,367,100,91,115,384
95,2012,467,192,51,6,327
41,2019,208,39,3,171,140
2,2018,277,154,27,154,326
40,2010,455,182,56,198,67
91,2020,222,69,4,113,326
71,2009,296,34,72,41,242
13,2019,354,156,23,137,251
65,2009,362,152,104,97,58
42,2014,278,102,147,128,197
65,2009,209,30,103,196,259
27,2016,64,49,52,58,11
30,2018,468,130,133,161,72
72,2009,341,174,16,23,40
2,2021,164,22,165,38,247
57,2013,417,88,190,166,54
30,2017,348,117,24,157,21
74,2011,181,6,8,76,210
64,2023,43,78,170,146,160
20,2011,123,89,190,50,221
5,2023,383,6,156,169,136
4,2022,100,57,144,7,12
12,2009,432,169,136,85,136
94,2019,107,30,92,171,247
96,2011,461,12,172,66,287
78,2023,44,16,191,69,91
88,2010,169,179,100,97,103
48,2012,44,86,88,4,43
85,2012,246,5,118,75,165
12,2016,48,87,30,130,214
96,2010,459,140,139,8,251
55,2018,101,47,152,54,49
28,2020,366,194,75,52,372
58,2011,41,179,86,30,310
73,2017,376,83,101,97,225
37,2013,458,189,52,184,338
62,2021,70,22,38,80,23
71,2018,315,170,142,43,185
76,2015,303,55,70,112,150
71,2013,348,166,5,84,178
13,2014,393,66,102,41,86
39,2010,54,54,133,138,100
58,2011,93,120,24,178,133
67,2015,255,132,173,50,119
76,2020,468,161,55,174,351
83,2020,221,73,13,54,92
42,2022,80,148,3,61,49
51,2023,122,198,142,55,248
29,2010,457,82,130,118,246
61,2018,144,51,149,68,390
59,2020,239,90,87,51,32
44,2021,426,84,193,72,328
12,2016,29,192,109,52,362
21,2013,389,17,155,33,196
6,2014,10,177,65,22,141
63,2015,157,163,67,91,246
27,2013,158,122,109,97,49
2,2020,95,181,200,18,101
51,2017,165,44,131,8,300
16,2012,333,5,192,169,347
54,2020,391,73,31,135,231
54,2018,74,9,86,145,233
19,2017,299,134,81,135,126
0,2021,280,179,117,140,193
96,2009,259,196,142,153,47
2,2016,175,4,133,57,236
62,2009,296,93,148,114,243
79,2014,245,196,36,184,202
41,2023,74,86,18,169,9
79,2021,287,197,36,177,173
36,2012,403,148,46,61,379
57,2019,69,164,82,121,324
85,2015,306,22,64,170,162
82,2011,464,26,168,166,131
83,2009,496,164,4,20,258
54,2022,123,67,110,76,184
29,2015,493,50,61,158,183
60,2019,384,132,191,0,210
55,2013,285,172,8,47,111
82,2021,413,116,72,149,142
67,2020,217,60,101,33,332
19,2014,439,161,8,199,169
86,2021,149,64,196,92,31
85,2014,114,138,114,21,395
42,2021,458,185,110,188,235
55,2023,471,193,150,118,317
50,2009,178,18,36,180,149
34,2011,292,62,24,65,355
42,2013,425,138,111,2,297
59,2021,261,101,21,159,370
63,2016,273,20,149,151,181
90,2023,273,31,27,178,269
29,2020,439,166,157,70,387
19,2010,63,64,154,69,63
98,2013,224,15,70,181,22
48,2015,430,198,116,80,79
74,2009,350,8,148,151,118
45,2014,327,96,176,16,348
47,2012,420,36,83,149,51
44,2021,246,60,198,137,275
77,2012,443,115,93,40,254
34,2015,371,133,116,130,324
99,2010,248,109,156,156,46
90,2022,60,105,183,45,397
46,2014,425,38,8,0,229
85,2023,412,8,19,178,184
79,2019,284,138,194,102,40
26,2013,66,158,121,91,378
33,2022,283,112,103,126,355
80,2015,479,49,86,164,71
83,2016,27,194,76,174,34
93,2022,167,27,65,17,284
52,2014,30,118,8,52,260
53,2022,227,75,92,101,323
82,2014,23,98,121,192,389
65,2018,237,4,99,58,51
76,2012,6,30,140,0,340
64,2014,41,36,68,81,176
13,2021,471,161,111,133,348
93,2018,480,190,40,100,182
88,2017,27,81,11,111,356
59,2010,149,42,177,192,99
58,2012,183,177,11,11,192
79,2016,80,116,56,110,374
18,2010,255,185,15,155,84
90,2020,381,85,179,182,329
47,2020,114,111,41,65,1
66,2012,448,190,88,122,84
1,2018,243,61,11,71,360
41,2010,406,157,103,159,149
78,2017,332,179,88,132,203
88,2017,383,93,198,51,117
11,2023,54,10,79,77,377
15,2012,44,80,149,187,125
41,2019,82,158,200,155,194
14,2014,85,21,57,175,127
85,2009,153,70,15,37,220
8,2014,197,90,108,76,165
63,2019,168,10,110,127,176
37,2016,474,54,26,120,382
26,2020,135,11,128,28,337
41,2020,109,170,90,152,260
91,2022,500,6,109,187,161
40,2019,234,164,86,195,400
76,2019,175,195,120,113,88
95,2015,341,200,179,122,94
81,2020,171,148,78,193,150
44,2011,356,154,88,149,60
89,2016,428,41,158,170,306
59,2011,128,56,22,19,262
16,2017,35,66,174,108,307
19,2014,476,151,44,106,382
34,2011,455,145,91,162,333
10,2017,231,136,37,10,99
53,2020,261,96,184,116,84
84,2012,146,173,110,90,117
43,2019,288,171,15,62,336
43,2017,174,89,81,33,45
30,2023,169,65,147,131,175
28,2012,75,155,200,88,38
54,2009,47,47,156,97,282
45,2023,298,175,136,150,216
78,2020,171,195,7,69,395
95,2014,388,12,144,111,363
64,2013,413,29,189,121,251
28,2019,460,8,147,149,349
100,2014,433,175,89,116,337
38,2023,253,83,87,183,57
70,2010,35,140,87,17,345
60,2015,54,98,65,5,71
67,2009,98,55,169,187,168
71,2010,290,99,181,197,388
31,2019,128,51,199,26,116
7,2022,152,41,52,182,178
13,2021,420,133,91,3,120
52,2013,126,25,26,114,264
30,2018,192,71,89,31,97
84,2023,436,62,4,145,56
54,2011,233,108,67,160,337
88,2011,130,10,70,148,379
17,2019,13,139,195,72,240
1,2022,438,89,83,160,387
51,2022,91,167,72,134,235
64,2023,101,81,39,186,47
53,2011,380,26,153,168,389
9,2020,58,135,40,47,300
20,2012,97,96,185,137,370
40,2013,339,80,102,135,384
96,2019,456,127,16,162,115
91,2018,86,183,131,180,50
49,2017,344,52,76,86,88
95,2011,277,127,84,64,106
23,2017,254,36,184,64,118
7,2016,418,44,149,78,31
63,2012,400,40,53,177,17
18,2012,94,119,69,93,192
36,2023,47,115,57,111,267
9,2009,44,181,109,78,336
11,2012,112,46,1,137,160
32,2017,189,131,16,30,185
25,2012,256,36,58,60,129
12,2023,43,77,101,36,361
55,2014,380,132,117,126,381
80,2015,411,36,77,55,248
35,2021,161,38,143,171,248
92,2019,136,94,42,10,84
79,2011,174,87,2,103,241
96,2010,369,62,160,112,268
23,2014,134,118,73,19,134
77,2021,403,139,61,171,5
0,2017,414,107,19,40,372
41,2009,308,165,31,168,260
57,2023,355,91,51,110,91
64,2011,461,102,78,25,80
14,2020,408,170,165,35,372
72,2013,399,89,45,102,12
6,2012,264,99,58,67,391
94,2015,4,10,175,103,225
42,2016,473,27,160,8,241
58,2023,438,31,29,53,73
11,2014,88,66,185,40,6
11,2014,273,105,1,168,282
2,2016,257,44,112,164,140
59,2017,27,100,35,161,370
41,2016,363,120,139,174,225
43,2023,115,197,60,132,18
31,2010,341,159,163,148,280
65,2023,338,164,159,115,370
99,2023,36,148,116,155,157
3,2021,37,119,147,36,197
97,2012,44,149,163,186,278
23,2014,419,151,27,200,206
61,2014,97,136,17,41,162
76,2013,22,108,148,85,186
17,2013,204,109,165,157,274
68,2015,293,16,195,26,93
3,2012,185,157,105,110,369
5,2014,354,191,166,99,257
61,2015,298,137,21,33,279
76,2015,85,99,165,73,281
27,2018,180,200,183,178,191
52,2022,164,18,25,55,160
94,2018,262,102,137,75,89
26,2023,141,187,109,146,125
99,2021,210,57,97,176,206
70,2017,69,2,187,122,340
11,2015,429,116,31,109,216
41,2016,206,164,172,12,196
56,2016,356,91,111,163,338
31,2019,2,67,51,68,297
55,2019,128,150,39,27,65
32,2021,173,199,130,100,214
81,2017,311,97,91,58,301
96,2023,85,167,195,101,170
10,2011,337,54,31,76,332
58,2012,36,63,14,31,369
15,2010,134,182,135,111,98
36,2020,281,2,5,28,344
38,2014,242,135,187,77,71
18,2013,163,162,155,67,359
82,2015,99,192,129,30,22
97,2014,10,65,21,42,130
26,2022,312,187,51,145,29
24,2015,388,100,5,128,61
71,2016,327,37,14,8,105
16,2012,415,141,50,99,214
32,2016,112,84,41,166,364
69,2021,245,27,94,51,115
59,2020,33,27,20,20,133
65,2023,449,153,187,31,68
91,2014,295,20,133,63,149
15,2018,324,3,64,11,177
2,2021,430,29,57,122,153
21,2023,461,96,51,155,20
0,2020,258,37,92,110,194
55,2021,30,90,108,56,54
12,2016,423,151,175,82,132
8,2023,160,155,46,83,103
39,2014,246,118,77,15,46
16,2023,190,178,147,28,32
49,2012,55,57,80,122,115
96,2016,226,54,58,188,396
74,2009,85,197,109,13,129
79,2012,422,95,34,162,330
48,2022,259,160,55,102,299
66,2021,313,146,144,89,305
38,2017,485,42,171,141,397
22,2015,213,29,26,30,235
93,2010,332,162,15,43,68
6,2018,30,77,14,2,203
12,2012,420,31,199,155,169
63,2015,248,23,91,30,271
82,2014,31,124,95,195,104
89,2021,457,48,45,8,153
50,2018,321,15,19,141,84
68,2014,409,47,33,124,182
28,2023,128,67,98,134,51
19,2014,139,46,24,166,210
96,2023,152,188,117,80,367
37,2013,151,108,102,113,38
78,2017,244,105,99,104,253
22,2020,154,69,6,36,39
38,2016,147,185,195,104,250
95,2018,263,37,64,132,34
63,2013,58,77,106,158,386
43,2016,184,83,21,44,249
85,2012,343,134,68,113,130
11,2022,12,196,197,156,51
28,2015,451,53,64,188,286
1,2013,478,197,12,5,365
13,2011,111,1,117,181,69
28,2021,44,130,199,123,123
39,2018,216,26,0,90,242
82,2016,473,87,125,0,237
24,2015,182,194,170,129,287
21,2013,315,7,37,92,280
77,2011,196,10,30,3,216
27,2023,249,69,198,74,287
59,2010,241,139,150,128,300
38,2017,140,128,133,102,59
66,2014,62,81,134,145,246
100,2015,125,17,46,135,206
46,2011,305,12,94,120,54
78,2022,60,18,72,39,253
73,2015,298,95,38,87,258
79,2016,90,138,138,82,237
85,2022,192,25,18,24,341
0,2020,380,21,178,142,294
68,2013,277,35,149,183,309
52,2013,274,120,40,59,95
52,2012,329,149,58,17,372
37,2022,314,156,178,134,388
20,2020,500,58,154,179,272
64,2011,399,123,159,75,311
97,2009,207,150,123,141,306
80,2017,51,163,24,44,72
19,2013,199,24,91,7,22
88,2012,36,137,29,130,37
75,2010,220,63,20,154,222
62,2013,313,66,138,151,20
73,2009,168,79,199,59,12
77,2012,286,139,119,80,400
25,2019,30,16,132,88,259
93,2022,493,17,5,163,332
85,2013,353,160,171,183,313
59,2012,101,104,165,102,240
14,2012,438,59,192,111,90
71,2017,469,110,132,102,118
43,2020,218,72,45,148,187
84,2009,391,10,20,53,340
11,2012,402,51,195,37,198
59,2019,262,46,157,26,224
47,2023,344,83,178,200,149
84,2019,291,44,6,126,360
46,2016,318,133,141,146,286
58,2023,43,22,121,61,129
97,2011,470,77,92,103,312
90,2011,81,154,181,30,389
27,2010,27,59,59,76,102
53,2016,381,123,19,88,359
85,2015,266,186,142,40,163
52,2011,454,10,140,29,103
21,2017,12,57,159,133,365
25,2017,57,171,122,194,11
87,2018,44,64,45,123,276
53,2022,202,116,61,83,148
95,2016,305,48,5,41,66
63,2014,244,8,33,114,276
54,2019,295,117,154,101,179
54,2012,305,145,78,58,236
73,2013,169,142,61,66,174
27,2011,19,43,44,62,99
38,2018,366,115,43,50,390
1,2016,93,161,69,28,257
88,2010,131,104,51,40,72
83,2021,207,29,38,57,99
65,2022,187,159,144,117,366
76,2016,32,197,123,144,400
51,2010,137,185,6,91,107
94,2015,303,140,177,72,276
14,2009,157,165,31,121,92
70,2014,256,129,15,6,59
56,2021,251,62,182,145,79
47,2019,191,52,78,25,35
36,2020,383,99,164,114,11
75,2016,133,179,70,2,322
25,2018,167,0,125,63,72
88,2013,167,14,192,190,335
13,2020,341,1,72,53,26
29,2013,17,24,152,147,343
42,2023,497,106,78,57,316
75,2013,472,107,48,128,306
72,2014,401,135,199,4,260
21,2019,323,154,68,3,84
3,2023,33,169,168,9,127
35,2020,493,50,25,193,364
55,2019,182,170,153,134,103
55,2023,221,179,194,95,75
1,2020,473,16,109,102,384
55,2020,41,129,32,146,350
22,2019,30,82,162,43,348
89,2013,144,192,15,164,174
12,2021,86,70,68,107,295
71,2019,422,21,54,71,364
4,2023,274,19,146,98,110
32,2019,122,175,42,72,88
35,2018,318,161,156,14,220
79,2016,258,168,151,192,371
28,2012,172,76,42,173,215
29,2015,383,8,79,94,309
86,2013,33,85,160,69,24
81,2018,215,58,18,18,100
97,2023,376,189,189,61,230
66,2019,253,155,120,81,311
76,2022,353,87,90,42,282
7,2020,66,8,8,61,18
56,2013,286,106,76,54,214
43,2009,266,166,6,81,37
3,2009,177,171,179,86,369
3,2017,318,132,50,23,23
78,2010,194,33,112,186,244
5,2011,62,25,185,146,301
83,2019,395,161,103,92,129
71,2016,486,58,15,93,226
94,2019,152,16,109,193,103
58,2011,8,102,142,44,201
12,2012,13,59,134,117,253
7,2015,251,160,108,155,255
46,2020,138,105,191,39,358
18,2022,237,36,136,86,124
54,2018,431,143,80,161,113
75,2014,193,200,48,175,248
98,2018,185,94,72,118,268
5,2010,476,172,110,168,99
77,2016,230,82,182,114,49
25,2018,309,71,9,175,370
74,2021,279,0,98,25,262
28,2015,85,53,49,141,129
38,2016,228,58,30,175,174
54,2022,381,163,51,141,76
2,2023,440,121,194,121,22
90,2017,327,87,17,120,199
60,2015,263,48,19,141,203
46,2021,171,198,128,158,224
81,2022,262,3,109,54,181
47,2018,211,82,139,131,56
37,2022,0,44,119,62,138
80,2013,490,69,0,33,268
30,2009,224,57,63,196,339
98,2014,486,75,171,121,111
73,2013,401,79,47,98,20
21,2011,341,37,142,34,347
95,2021,198,10,119,141,97
47,2017,84,142,4,87,306
61,2012,243,187,153,140,78
69,2009,186,142,107,155,97
57,2013,472,188,114,7,270
49,2021,264,120,93,34,111
75,2014,277,53,165,152,398
24,2014,197,163,177,114,91
3,2022,44,156,87,5,5
31,2019,21,80,23,161,159
8,2016,456,132,81,186,97
33,2016,143,116,42,104,266
95,2009,177,88,84,147,91
91,2022,245,79,114,147,262
66,2013,179,166,77,157,70
9,2010,303,52,180,118,258
68,2019,221,106,63,9,225
48,2018,432,49,157,147,200
6,2022,343,112,185,37,297
26,2018,464,139,146,15,166
14,2020,217,16,90,195,99
3,2019,13,190,8,186,94
71,2020,446,166,47,135,74
94,2023,55,104,165,96,279
18,2012,142,128,126,38,21
1,2009,473,170,87,124,282
18,2010,402,81,85,156,146
88,2016,27,59,130,91,137
1,2017,299,35,183,177,16
31,2015,316,56,67,118,283
76,2019,455,38,112,198,261
39,2010,378,126,17,96,242
41,2016,473,98,37,164,65
28,2023,177,33,53,144,163
47,2012,349,5,152,101,332
7,2021,402,164,112,43,62
100,2019,74,126,86,132,107
61,2010,379,69,77,26,195
54,2011,110,117,40,38,47
59,2014,314,131,85,152,355
29,2017,332,181,192,89,254
10,2014,28,127,37,115,385
51,2015,324,199,192,132,288
16,2010,269,145,167,184,328
33,2014,277,48,114,162,141
26,2021,421,134,62,18,325
3,2010,133,179,21,91,126
58,2013,219,40,63,18,333
23,2014,319,134,53,7,387
25,2010,438,80,52,130,94
13,2021,401,16,58,61,186
96,2022,344,51,23,46,395
34,2009,55,10,0,177,103
66,2010,349,27,18,115,2
56,2013,3,119,23,190,282
42,2017,7,86,198,37,364
1,2014,170,200,164,150,260
15,2009,163,115,62,65,0
83,2015,236,35,197,149,25
82,2012,112,92,167,198,94
47,2018,396,199,154,56,299
39,2012,120,69,158,62,124
95,2015,424,198,101,92,235
28,2019,390,101,116,166,157
78,2017,173,25,123,43,286
51,2019,434,134,136,33,145
90,2011,300,186,194,71,213
87,2012,166,130,95,175,359
72,2013,370,57,17,189,153
100,2017,390,145,184,145,393
16,2012,380,184,126,178,156
89,2011,419,91,178,110,164
23,2015,477,184,75,168,307
29,2019,214,191,140,26,209
89,2012,244,161,161,107,241
43,2011,388,186,78,122,84
82,2020,465,64,10,49,293
18,2015,170,129,84,79,181
69,2020,71,96,78,32,185
18,2014,59,116,181,125,213
50,2021,107,99,41,46,318
58,2019,396,59,121,79,51
80,2019,260,16,134,160,374
51,2014,90,0,151,110,363
90,2021,198,199,36,181,312
2,2017,392,124,47,149,151
54,2017,389,3,2,106,294
47,2015,196,40,173,94,134
46,2014,363,164,78,94,155
59,2013,271,40,33,142,305
54,2014,480,104,191,110,191
47,2013,30,29,67,155,191
50,2023,234,136,134,78,123
8,2013,188,72,66,6,59
26,2011,464,157,109,86,245
37,2011,59,20,90,15,133
90,2022,211,3,47,169,69
89,2011,97,44,108,28,3
78,2011,69,41,5,71,379
27,2021,240,72,24,109,239
13,2010,154,82,16,126,167
17,2011,179,140,21,89,206
64,2022,80,3,91,172,392
13,2018,9,107,140,8,98
30,2020,97,115,123,98,189
85,2015,213,128,16,37,1
63,2011,438,93,48,121,6
62,2014,178,40,146,89,332
0,2009,401,144,11,64,98
20,2021,401,21,93,199,304
94,2018,446,139,142,131,294
26,2016,37,37,152,39,244
99,2010,198,125,162,13,359
30,2013,112,155,113,178,120
63,2018,386,46,176,140,280
54,2017,324,184,75,133,183
79,2021,319,164,49,76,130
95,2016,356,140,82,137,94
23,2009,45,40,199,53,102
44,2019,221,65,36,171,337
89,2021,164,7,114,123,285
8,2010,238,22,34,169,387
81,2018,293,125,178,176,5
91,2014,29,113,141,143,86
34,2013,139,98,173,71,303
38,2018,59,28,106,29,367
69,2019,145,134,22,165,251
51,2012,287,87,55,125,107
72,2009,296,2,134,11,127
17,2011,167,89,30,185,229
75,2014,98,125,165,85,116
36,2013,374,23,41,157,302
84,2016,177,8,19,115,250
9,2018,448,70,183,36,393
36,2021,373,19,27,131,14
69,2019,342,181,136,96,336
83,2022,203,91,106,33,384
44,2015,212,150,115,131,165
61,2012,349,12,109,169,126
94,2015,381,19,0,184,264
72,2021,356,19,70,138,303
85,2014,148,108,90,114,189
98,2017,243,56,128,30,144
27,2010,104,118,76,153,107
41,2011,115,30,184,51,120
74,2020,78,66,179,103,16
86,2023,177,63,115,58,323
78,2017,15,76,2,169,186
7,2017,356,1,72,79,169
0,2017,29,97,115,100,327
41,2011,263,197,25,152,14
33,2014,371,107,29,85,197
67,2014,125,23,115,153,22
70,2022,73,188,124,39,326
46,2012,152,19,146,34,289
91,2009,25,122,25,17,321
52,2012,466,131,21,146,69
98,2012,145,192,181,91,265
53,2019,191,184,198,178,71
16,2015,423,195,57,18,389
55,2015,485,67,50,149,304
47,2012,163,188,89,21,346
96,2017,300,174,54,165,65
42,2011,270,60,25,28,197
22,2009,427,2,71,129,32
77,2009,290,69,58,94,2
86,2009,199,178,153,104,0
62,2014,267,103,171,167,258
55,2010,120,135,124,100,122
82,2022,288,7,194,135,20
79,2021,106,51,122,135,318
2,2010,460,101,41,58,220
79,2022,195,29,86,188,118
5,2011,125,18,184,130,346
16,2020,388,95,150,54,381
64,2019,129,184,136,29,232
7,2020,419,199,79,29,162
61,2009,403,3,53,30,179
7,2023,462,84,168,54,211
12,2023,160,189,189,8,16
13,2020,12,121,173,164,296
78,2014,205,161,129,1,118
55,2009,64,105,63,164,373
37,2014,34,94,69,82,41
59,2023,173,24,5,161,3
37,2010,495,33,87,191,115
71,2009,220,194,160,102,172
42,2020,18,121,138,109,372
63,2012,449,190,136,79,24
11,2013,370,43,4,83,182
81,2022,246,82,197,168,369
26,2022,280,30,141,88,373
63,2020,449,193,50,63,251
63,2010,429,87,195,87,207
29,2011,234,198,160,124,297
86,2018,67,107,158,8,15
84,2018,285,32,87,191,261
20,2011,183,34,27,124,358
77,2010,386,53,80,114,355
40,2010,398,121,183,18,316
63,2019,30,184,34,141,114
92,2015,306,117,52,51,58
10,2022,137,104,41,90,83
31,2019,22,7,66,115,38
88,2023,499,184,63,199,92
56,2019,314,128,96,50,278
80,2019,358,125,122,130,249
88,2011,499,65,184,75,163
3,2018,114,98,71,13,103
70,2014,472,162,164,145,310
52,2021,179,96,68,59,323
19,2022,302,96,67,68,209
94,2021,152,182,152,143,323
33,2019,325,38,54,161,123
61,2009,302,142,105,145,241
72,2017,62,90,100,121,13
9,2009,118,17,11,131,218
63,2020,473,66,153,143,126
73,2017,82,10,37,7,266
5,2009,352,64,90,152,86
53,2013,476,3,128,176,207
18,2020,23,64,140,6,73
87,2012,156,172,46,144,368
32,2010,126,114,75,10,373
57,2021,77,183,153,122,253
78,2017,377,123,136,14,40
5,2014,425,95,38,96,136
18,2020,151,43,38,40,114
20,2021,451,93,26,135,369
93,2018,179,88,157,19,126
42,2011,415,4,76,196,67
25,2021,164,192,96,12,373
38,2014,24,110,163,165,399
43,2022,389,136,14,60,75
25,2019,388,120,178,24,174
55,2017,362,38,86,7,378
51,2023,341,80,72,54,223
53,2016,73,58,98,191,292
16,2018,33,148,26,58,249
71,2021,337,96,109,156,250
42,2010,330,124,116,67,162
6,2018,26,158,45,181,77
2,2022,425,143,192,48,125
86,2020,335,169,174,106,321
25,2021,292,179,161,169,42
71,2009,383,54,59,183,356
70,2011,428,162,117,19,324
0,2021,465,107,95,153,202
94,2012,2,148,193,151,170
11,2017,476,142,115,160,229
5,2021,54,196,149,78,350
75,2011,454,134,37,151,178
37,2013,39,196,156,8,360
70,2015,6,108,176,90,122
65,2010,422,101,126,178,332
49,2012,335,127,166,142,102
62,2009,128,78,108,10,250
24,2010,235,181,114,192,21
78,2020,361,103,18,157,62
71,2012,29,120,189,28,255
43,2009,146,37,122,132,229
15,2015,316,17,67,33,154
16,2017,358,59,96,123,294
17,2017,111,167,63,19,230
39,2011,458,133,101,84,156
25,2016,458,1,30,12,284
18,2020,1,174,131,111,136
18,2011,474,37,50,191,345
75,2020,268,70,64,55,337
21,2023,58,20,103,117,125
88,2017,283,12,70,16,389
59,2021,237,94,26,182,87
86,2017,135,38,178,21,273
93,2010,136,154,35,154,157
25,2016,267,14,188,109,236
0,2014,90,79,134,39,36
89,2009,72,62,55,171,312
65,2015,374,180,189,123,146
97,2021,297,67,101,57,180
85,2023,401,144,146,135,49
100,2022,262,162,26,38,350
55,2015,338,55,0,84,123
49,2012,52,15,121,84,308
53,2012,407,135,96,171,384
73,2015,66,68,33,43,95
74,2010,112,111,7,126,32
1,2009,40,59,75,98,349
51,2010,269,143,166,91,250
4,2015,310,63,39,145,361
25,2014,436,39,101,27,396
51,2012,3,132,131,107,360
87,2019,236,185,139,107,37
91,2019,134,159,91,145,219
67,2022,294,77,156,59,120
14,2012,16,134,30,65,320
93,2023,288,26,37,62,184
98,2023,309,134,98,172,182
93,2015,149,163,95,52,296
68,2023,158,139,113,1,333
49,2014,246,78,146,88,274
1,2022,164,93,15,111,95
37,2009,483,79,166,107,61
46,2021,447,30,146,39,160
18,2017,260,162,120,171,135
22,2021,412,31,161,170,154
56,2021,195,152,55,8,40
16,2013,345,139,163,148,92
49,2018,200,135,106,62,10
35,2012,247,18,200,98,358
25,2015,382,25,89,93,341
10,2018,127,47,30,65,159
82,2019,119,185,59,67,195
15,2015,411,9,151,79,185
51,2018,205,81,183,120,110
48,2023,428,65,187,102,204
21,2016,170,153,119,69,96
98,2021,69,53,164,143,302
44,2011,491,154,70,6,239
34,2010,427,15,198,20,63
71,2013,305,176,167,12,192
62,2021,110,156,51,199,258
39,2009,459,1,39,8,203
54,2020,470,19,1,27,172
7,2010,363,101,105,21,301
31,2018,204,10,53,60,259
82,2014,240,74,82,90,142
94,2016,96,37,81,145,376
10,2018,294,98,87,175,317
81,2021,218,29,38,80,199
46,2012,469,169,46,35,195
76,2010,103,79,48,176,133
93,2016,225,91,87,188,69
59,2012,483,168,119,5,352
81,2013,96,146,108,158,138
69,2009,62,120,9,26,370
18,2013,127,184,139,83,241
93,2021,71,26,108,68,10
32,2017,316,71,114,197,98
90,2013,474,157,178,52,195
27,2012,371,175,86,134,267
5,2021,342,85,192,2,173
27,2014,446,132,54,66,199
90,2016,496,171,80,103,327
44,2013,370,104,24,61,186
41,2014,25,119,51,105,238
33,2015,198,124,176,113,153
22,2018,160,15,74,94,20
86,2013,334,108,69,51,116
10,2013,328,141,3,14,50
82,2022,363,183,166,96,194
21,2011,296,81,38,93,14
35,2013,34,69,8,106,259
78,2019,395,119,163,65,344
74,2016,172,158,89,103,105
36,2020,249,151,15,112,266
47,2017,231,54,129,155,196
66,2019,67,144,185,20,338
8,2014,56,177,120,104,141
93,2010,417,164,176,18,366
85,2015,138,78,63,193,328
85,2012,26,119,165,39,193
61,2015,215,161,200,172,363
38,2017,120,73,164,7,214
60,2021,349,101,51,12,161
28,2021,438,20,139,18,121
9,2013,471,191,45,174,330
5,2013,12,147,185,190,398
41,2019,414,37,12,123,178
70,2021,235,21,90,17,236
50,2017,44,74,19,89,39
0,2020,347,108,112,178,399
9,2019,37,169,138,81,106
60,2015,322,69,118,161,326
62,2013,489,169,194,23,342
81,2023,84,30,190,144,342
32,2014,487,171,130,156,313
54,2009,200,95,90,85,158
49,2018,473,140,153,13,391
71,2011,391,80,189,135,328
49,2020,361,157,15,4,343
98,2014,53,73,129,79,232
92,2017,498,194,150,140,90
78,2020,61,85,186,44,354
77,2015,437,81,169,25,73
41,2011,274,67,74,39,347
87,2009,94,46,39,134,26
38,2017,97,167,109,102,297
79,2009,451,148,19,9,7
65,2019,389,66,27,197,268
76,2019,118,183,120,21,59
97,2012,230,100,7,121,104
44,2016,293,64,96,4,132
97,2019,42,15,41,104,169
26,2023,50,193,48,122,3
38,2021,337,57,131,32,216
63,2015,332,22,85,24,136
35,2009,6,167,40,171,86
46,2012,268,76,137,15,173
86,2021,430,54,44,199,381
86,2014,292,21,21,144,395
81,2017,251,64,188,178,139
5,2016,426,121,166,40,103
83,2022,200,153,68,164,130
1,2022,276,127,187,164,39
50,2014,173,15,70,106,212
93,2021,184,107,85,83,154
80,2016,76,73,180,29,380
38,2022,162,130,175,80,300
90,2018,418,35,164,200,117
15,2023,411,41,111,15,316
99,2023,310,25,65,199,322
21,2023,0,187,152,94,107
37,2014,335,175,28,18,7
17,2022,207,198,20,119,98
66,2017,300,165,52,82,319
98,2017,251,25,88,141,101
61,2020,409,131,188,29,223
10,2016,441,118,167,109,238
67,2016,459,103,173,122,191
32,2022,346,158,151,107,291
23,2009,69,83,41,177,7
64,2018,85,47,74,142,297
1,2014,322,184,106,71,41
18,2016,52,66,78,199,196
72,2010,21,83,176,105,208
95,2021,377,30,198,0,206
59,2019,255,35,96,51,326
70,2016,187,78,53,32,333
83,2013,126,113,14,142,383
10,2012,58,132,162,114,201
27,2022,193,107,40,142,75
27,2018,38,188,39,182,48
3,2014,6,130,117,39,320
16,2012,233,37,151,18,322
37,2022,359,176,66,49,129
36,2013,264,80,168,135,272
53,2021,428,178,112,56,27
87,2018,53,51,141,94,248
40,2010,469,81,165,7,325
29,2016,450,88,105,6,206
11,2012,419,168,105,21,222
83,2011,154,45,187,125,235
0,2016,216,39,71,148,283
49,2015,181,11,133,8,80
94,2014,482,3,82,169,303
44,2009,405,35,193,150,67
48,2023,80,139,178,142,213
79,2020,422,19,36,114,255
86,2013,279,95,78,100,128
77,2017,467,167,41,33,105
13,2013,153,109,74,44,160
0,2017,53,88,127,158,198
70,2023,360,125,105,43,216
62,2023,70,119,153,79,275
58,2017,446,154,163,37,211
3,2010,250,127,183,7,243
78,2021,245,66,63,25,274
9,2012,258,123,100,109,105
49,2014,99,17,133,29,341
31,2020,354,94,48,157,320
53,2020,353,95,3,45,119
90,2013,13,172,160,31,167
29,2013,298,31,10,166,7
47,2017,479,133,153,142,44
27,2018,107,116,179,13,99
85,2012,133,46,177,200,166
50,2015,38,84,47,164,368
86,2021,326,145,39,88,158
87,2013,292,174,16,30,362
83,2012,74,10,65,163,205
7,2015,445,131,91,191,215
72,2021,492,169,29,125,285
28,2012,442,130,178,119,324
72,2022,213,40,38,19,386
98,2016,235,175,25,183,8
22,2012,167,66,99,107,157
50,2019,387,198,79,182,40
11,2014,232,159,184,169,351
32,2020,202,58,184,134,170
4,2023,96,47,63,168,387
78,2015,430,192,170,34,40
88,2017,422,180,199,70,77
53,2012,376,156,185,165,139
52,2016,39,134,45,48,370
79,2019,235,46,183,184,34
31,2019,411,78,75,6,265
38,2009,385,52,130,112,243
42,2018,175,198,17,53,22
16,2021,448,11,6,198,89
100,2018,141,109,83,35,370
76,2021,355,23,192,140,334
21,2023,460,143,109,68,247
36,2010,2,44,7,184,151
51,2017,339,169,162,87,181
6,2010,438,168,199,137,100
40,2017,65,185,163,93,164
10,2022,273,85,147,194,116
91,2012,263,42,199,160,352
68,2021,370,39,65,88,50
10,2018,417,60,37,35,173
39,2013,353,8,0,124,93
21,2010,3,120,28,70,15
2,2015,55,148,177,71,144
61,2010,208,127,195,66,205
47,2022,166,112,77,35,352
22,2018,412,127,143,186,392
43,2015,9,173,13,98,379
52,2013,25,132,44,35,67
13,2009,140,115,18,121,363
63,2019,500,1,36,105,57
32,2019,49,169,151,143,56
52,2014,293,94,183,192,137
22,2014,351,104,42,28,361
31,2018,336,5,80,183,373
31,2009,478,172,104,198,99
61,2010,77,83,71,153,246
85,2014,27,155,57,11,309
78,2017,84,28,20,197,325
99,2014,343,183,137,148,240
34,2014,289,61,31,185,50
2,2023,411,69,90,53,242
18,2017,313,31,130,188,299
99,2012,164,177,118,160,1
23,2014,72,189,88,109,132
91,2012,326,87,190,93,342
84,2018,403,162,105,185,321
36,2017,26,93,97,79,278
53,2012,414,103,50,48,53
0,2020,455,110,7,64,152
13,2022,456,23,128,180,83
17,2013,415,14,97,7,233
14,2013,48,129,115,132,26
70,2011,428,43,178,182,194
24,2011,446,3,61,180,84
99,2022,171,93,79,187,169
66,2017,103,161,196,170,145
19,2017,132,115,163,6,76
10,2023,389,107,128,105,302
72,2014,25,73,180,115,139
79,2019,332,56,51,125,385
82,2020,78,88,23,12,36
74,2019,400,154,80,10,319
6,2016,57,59,197,61,396
60,2009,271,4,105,114,219
6,2009,470,106,65,108,67
38,2019,275,186,68,47,2
64,2012,293,78,162,30,185
20,2010,130,136,182,93,200
79,2016,244,19,12,95,284
38,2020,7,73,3,13,96
24,2018,500,93,91,61,29
70,2009,163,2,83,183,388
86,2009,398,149,42,145,159
46,2017,194,6,156,8,388
62,2020,398,138,57,176,217
100,2020,247,48,55,94,249
94,2022,253,112,191,143,254
72,2022,125,165,94,141,191
3,2020,329,198,121,161,37
50,2017,140,163,128,22,366
70,2021,231,19,8,12,174
41,2016,164,85,86,13,274
18,2014,66,15,196,66,42
9,2015,428,133,175,3,155
43,2015,175,180,51,101,11
68,2017,17,198,187,137,64
0,2016,78,56,147,60,173
75,2015,92,85,46,59,379
82,2010,404,178,151,69,152
55,2012,313,19,46,119,338
46,2013,0,29,176,191,51
18,2011,112,51,174,76,203
24,2017,411,177,135,197,267
36,2020,101,168,37,188,313
79,2011,246,179,26,155,215
59,2023,483,195,12,74,169
55,2011,265,182,0,121,11
9,2016,220,133,60,130,13
63,2012,500,50,122,185,262
34,2018,228,18,115,135,102
50,2015,400,136,33,7,127
98,2018,8,57,21,51,175
45,2013,334,145,84,153,263
29,2019,395,92,43,199,59
16,2017,132,158,192,87,200
62,2023,431,29,25,32,358
10,2009,132,92,144,74,59
26,2015,190,148,11,88,216
35,2019,464,79,0,120,111
99,2017,368,128,94,113,123
3,2016,474,22,53,183,302
45,2009,140,181,23,9,95
82,2021,500,161,119,165,346
73,2009,315,0,99,190,287
87,2017,16,174,167,46,198
79,2019,67,0,150,97,132
32,2017,293,45,91,158,272
32,2012,357,198,5,83,163
36,2017,242,32,179,168,168
53,2013,163,169,94,151,185
46,2009,39,173,13,93,171
26,2017,199,132,31,176,130
8,2010,372,46,168,6,149
48,2023,100,17,86,14,370
0,2010,72,172,134,39,212
18,2016,221,151,2,38,162
53,2021,435,16,78,130,364
6,2022,314,24,142,52,280
31,2023,329,171,162,106,307
96,2021,1,60,20,170,215
59,2012,12,150,170,80,210
32,2015,36,144,84,161,85
70,2012,400,16,179,157,123
70,2014,12,96,49,50,68
4,2010,390,121,67,4,123
2,2013,481,143,136,160,348
84,2017,173,105,77,168,225
59,2016,446,150,0,162,358
3,2013,62,167,186,180,34
33,2011,491,112,106,60,187
87,2022,446,106,123,127,115
60,2010,477,167,114,160,56
67,2013,100,192,147,53,193
47,2015,70,80,8,111,344
14,2017,183,150,30,151,86
1,2013,446,30,134,57,324
25,2010,204,67,55,83,262
52,2009,461,92,91,31,174
5,2020,154,90,134,163,117
91,2012,11,185,42,180,7
100,2023,55,115,73,26,128
70,2012,454,99,58,20,188
72,2021,105,27,100,196,67
64,2016,190,116,164,81,336
75,2022,177,184,189,178,303
79,2014,33,72,73,87,288
55,2020,402,103,1,82,52
56,2014,372,196,57,17,321
65,2017,464,106,95,200,385
76,2023,234,77,125,182,380
41,2019,157,13,134,21,220
89,2022,48,3,15,146,43
5,2019,211,86,37,130,204
1,2015,99,143,91,2,168
78,2022,500,77,135,154,304
29,2013,13,6,48,28,270
81,2011,102,125,123,145,60
16,2016,492,92,185,26,15
76,2023,130,88,133,87,186
69,2015,275,77,116,193,307
0,2015,251,63,43,160,350
79,2021,283,174,35,7,216
2,2014,384,174,76,93,314
5,2015,324,83,170,92,240
63,2016,33,168,37,67,335
9,2019,71,65,139,164,268
38,2011,254,36,31,113,14
24,2022,271,140,142,11,222
1,2012,100,126,109,158,54
61,2016,28,13,158,59,70
69,2022,28,8,28,28,247
16,2013,308,133,180,74,311
19,2015,73,151,61,93,314
77,2018,198,171,101,97,138
76,2014,179,120,87,67,350
16,2014,322,188,102,113,221
36,2016,288,112,33,17,67
0,2012,160,27,35,72,103
95,2012,344,53,2,138,199
8,2022,429,44,184,3,236
72,2022,333,8,190,30,38
88,2013,322,162,193,108,281
93,2017,42,74,81,73,278
47,2011,43,131,144,109,390
0,2019,216,14,151,5,260
85,2017,115,129,2,156,122
90,2017,304,170,89,118,80
14,2019,142,175,135,179,25
42,2011,195,197,105,60,136
38,2015,14,153,127,104,134
36,2010,145,178,42,33,264
0,2022,174,184,3,32,95
89,2012,96,119,134,195,384
40,2015,410,13,155,25,377
58,2015,408,79,83,34,357
12,2012,84,195,54,5,62
70,2010,266,177,179,69,295
82,2015,383,79,95,100,309
52,2015,136,115,172,40,93
98,2023,402,64,136,155,335
86,2011,285,170,60,62,228
66,2020,385,6,9,177,181
10,2017,121,183,189,154,316
8,2012,340,9,14,25,239
89,2021,14,134,150,105,62
7,2021,350,177,171,56,113
90,2009,433,145,8,102,118
36,2013,33,174,111,78,127
92,2022,448,51,104,39,341
59,2018,282,29,160,43,216
25,2021,233,120,198,165,27
24,2016,400,190,196,189,80
75,2011,449,136,17,189,242
99,2022,14,158,50,81,101
13,2012,15,72,134,83,248
91,2022,113,137,22,108,370
74,2022,297,71,147,131,367
95,2011,345,141,30,72,336
33,2010,178,99,91,81,376
32,2010,166,4,149,174,39
34,2013,16,89,141,63,278
15,2011,145,32,60,77,252
23,2012,430,155,165,147,5
20,2021,497,2,22,92,142
22,2018,87,161,87,107,341
99,2018,486,131,174,177,105
4,2009,169,127,189,172,97
83,2013,415,69,195,35,274
85,2021,38,28,121,134,317
31,2011,147,123,138,188,7
83,2009,83,162,97,182,149
70,2014,387,167,54,44,292
98,2018,161,116,147,127,143
95,2022,140,7,17,196,140
54,2022,281,69,135,156,215
59,2012,459,141,162,69,280
26,2009,482,167,56,114,381
100,2010,247,18,31,69,171
89,2020,158,130,1,3,327
47,2022,416,187,153,34,310
57,2013,406,133,40,35,277
14,2014,39,67,116,180,399
44,2019,499,198,46,87,229
54,2012,296,171,198,76,186
87,2019,333,97,19,185,20
65,2017,253,159,104,163,101
97,2023,434,31,53,131,128
74,2010,33,107,177,48,70
42,2014,136,135,148,173,73
47,2020,144,150,61,5,163
59,2018,461,43,166,128,30
26,2023,232,169,66,66,1
71,2012,221,118,41,92,269
7,2014,163,153,109,115,147
50,2016,220,4,55,13,246
25,2009,309,78,198,46,199
28,2012,189,187,163,177,326
62,2010,161,191,144,185,114
54,2014,367,120,190,161,293
57,2014,58,184,149,27,167
13,2012,117,45,25,197,348
63,2019,339,67,159,53,391
13,2023,146,86,27,99,247
2,2015,183,92,127,47,118
1,2009,425,19,85,36,214
98,2023,196,46,158,6,160
39,2018,405,163,171,99,124
51,2011,468,81,30,105,71
66,2018,301,58,175,155,375
7,2020,261,133,49,168,331
92,2013,143,111,161,166,364
34,2019,264,96,171,120,342
37,2014,412,186,143,19,148
45,2022,415,159,21,187,209
18,2023,170,38,118,144,266
96,2013,68,141,67,48,172
44,2021,391,181,16,168,28
92,2017,199,196,6,133,257
62,2015,446,144,181,4,400
14,2015,250,102,137,154,232
40,2016,389,111,188,173,236
17,2022,107,166,87,6,277
82,2010,202,71,39,50,234
49,2014,179,160,91,8,60
12,2021,447,168,189,80,384
3,2018,176,47,4,58,0
100,2010,166,161,39,6,18
72,2011,233,170,162,91,112
42,2011,368,166,71,107,55
72,2023,72,14,141,116,362
13,2013,204,55,48,81,320
51,2016,28,110,18,83,326
59,2022,223,76,30,30,399
71,2023,374,38,67,59,116
80,2015,424,78,32,22,276
1,2022,429,107,46,95,352
86,2014,476,47,20,132,225
96,2023,129,22,169,159,34
2,2013,494,77,23,26,352
17,2022,173,15,182,20,68
24,2011,455,185,178,196,106
87,2012,273,27,125,113,350
1,2014,447,71,157,118,60
17,2019,300,177,158,167,258
18,2018,161,134,60,127,133
12,2018,181,145,16,177,326
39,2019,293,46,38,126,133
80,2021,223,85,178,129,11
5,2018,161,88,75,174,352
31,2022,385,99,137,26,288
75,2015,499,145,76,188,124
25,2016,349,187,41,56,35
43,2009,116,194,12,162,305
54,2021,314,27,43,67,318
26,2020,168,165,12,188,384
46,2016,313,18,153,135,173
94,2013,114,80,99,124,141
19,2014,440,31,163,169,80
19,2011,105,158,107,71,173
63,2023,158,190,170,148,247
35,2021,94,49,6,47,293
78,2009,114,188,27,125,354
76,2009,481,116,194,159,9
59,2021,83,125,56,117,164
60,2021,279,182,193,182,232
79,2017,401,45,38,37,134
88,2016,40,102,184,12,357
97,2009,344,155,73,122,346
80,2009,129,64,91,65,380
86,2022,475,119,126,43,79
43,2020,303,182,11,128,360
85,2013,280,122,173,139,20
17,2011,166,169,57,35,31
12,2015,456,199,159,23,317
32,2012,488,107,133,184,385
90,2022,489,37,155,12,351
29,2021,467,146,178,24,64
72,2018,211,156,147,31,325
45,2018,472,81,182,30,39
39,2015,326,148,114,71,352
65,2021,114,119,85,93,108
59,2012,86,97,182,69,87
88,2020,0,43,174,140,283
88,2022,285,73,72,190,214
87,2013,464,163,86,58,279
27,2013,149,180,45,20,136
87,2013,88,161,86,22,44
59,2014,93,3,168,40,164
86,2020,362,129,181,182,174
72,2010,369,0,14,138,19
35,2019,81,11,63,15,3
47,2014,145,38,29,188,204
22,2012,36,181,93,46,354
98,2018,33,138,52,80,130
48,2022,61,21,63,121,381
34,2022,40,130,184,47,362
63,2021,440,137,52,180,1
65,2012,156,19,193,61,297
18,2012,228,188,120,15,211
76,2022,420,16,102,50,29
2,2014,463,81,71,1,251
51,2022,278,54,83,37,329
70,2017,353,147,109,38,308
67,2009,77,173,75,141,358
39,2018,73,114,103,79,361
73,2013,432,66,118,86,138
87,2011,109,47,114,82,38
67,2020,81,27,163,2,152
30,2019,129,89,2,74,141
72,2014,107,150,135,160,184
69,2012,315,61,43,6,154
36,2010,342,88,148,124,132
60,2023,377,133,68,99,368
59,2016,386,109,141,122,258
92,2014,319,94,163,163,140
4,2018,321,114,178,135,335
9,2009,391,2,37,1,19
44,2018,459,83,200,22,304
55,2022,383,41,1,7,70
38,2021,327,84,131,64,137
43,2009,247,15,185,162,3
99,2011,167,28,158,144,284
53,2016,127,79,88,156,350
97,2016,339,17,23,9,51
17,2018,376,171,39,112,245
63,2018,148,15,49,56,109
60,2015,8,195,184,83,77
7,2018,305,178,15,108,141
57,2023,478,71,81,105,43
62,2013,60,149,112,133,390
5,2016,236,93,70,142,248
69,2015,133,120,62,174,337
19,2019,368,28,80,87,137
83,2015,108,133,62,174,193
56,2013,451,195,107,167,300
44,2015,77,66,177,189,161
40,2015,328,129,36,131,243
42,2014,143,16,175,189,286
77,2020,367,26,108,191,348
95,2011,138,153,0,132,58
31,2015,196,83,40,3,165
47,2012,230,63,52,191,90
50,2016,198,25,95,115,239
46,2018,375,18,134,115,258
55,2017,446,195,109,169,142
78,2014,70,133,82,121,82
64,2015,118,88,103,102,231
84,2022,262,192,195,189,303
93,2010,466,140,133,14,121
8,2017,53,176,165,192,153
47,2012,369,113,185,93,1
15,2009,362,19,172,134,305
21,2022,255,177,9,70,360
22,2012,298,164,151,83,135
81,2021,166,136,79,14,66
87,2012,327,29,91,55,214
97,2012,338,83,133,121,48
88,2016,443,143,177,126,291
60,2021,26,33,190,145,57
99,2015,405,30,94,193,369
1,2022,350,5,58,91,300
2,2015,483,102,160,56,304
30,2023,346,14,74,190,114
3,2009,332,131,153,169,371
19,2010,367,105,161,115,387
98,2010,74,131,50,44,70
27,2009,167,89,38,79,172
95,2013,257,178,158,140,291
36,2013,487,99,21,177,52
82,2011,429,37,168,123,240
39,2021,201,121,185,134,229
27,2017,378,35,170,113,376
53,2011,361,167,23,137,217
79,2010,369,21,46,145,122
49,2020,429,121,120,45,350
60,2014,177,62,34,90,337
23,2022,101,158,149,138,387
60,2018,52,163,117,23,101
96,2019,95,29,190,105,243
2,2021,133,17,187,168,152
83,2018,206,190,151,86,138
32,2017,164,42,29,96,236
10,2022,179,97,23,11,398
79,2013,246,128,33,115,115
58,2013,328,37,190,19,282
3,2014,52,136,41,173,211
93,2019,313,125,7,105,146
40,2017,377,109,188,133,367
36,2016,244,102,155,104,100
37,2019,226,196,166,30,153
47,2023,51,166,110,166,27
49,2016,412,17,128,37,174
12,2016,462,66,168,103,140
24,2022,300,157,194,9,219
83,2011,270,44,140,41,14
93,2009,192,127,57,46,103
45,2020,93,118,97,6,268
81,2009,174,79,112,176,209
94,2020,325,112,44,187,179
6,2011,181,97,21,2,155
5,2010,432,152,101,196,357
43,2011,390,68,146,115,257
68,2022,195,188,42,125,294
53,2010,468,197,193,111,141
17,2018,179,111,194,120,215
71,2018,360,130,132,167,258
92,2010,155,103,116,167,30
25,2012,184,121,108,134,125
10,2010,468,181,138,192,146
19,2015,406,128,31,185,39
66,2014,343,116,139,43,68
5,2016,404,183,102,131,257
68,2018,21,29,185,67,48
16,2017,245,11,115,161,258
2,2016,305,56,116,65,29
22,2020,64,5,9,120,111
84,2017,35,172,191,113,154
49,2020,257,63,99,7,231
58,2009,304,116,81,151,312
88,2022,131,135,22,183,337
41,2009,42,123,30,32,255
43,2013,95,134,146,84,47
47,2018,403,54,52,99,373
19,2018,169,61,62,96,142
87,2010,245,173,52,166,241
61,2013,138,122,77,151,310
68,2017,105,139,8,149,121
98,2013,106,29,117,146,306
28,2011,353,172,61,36,159
63,2019,499,78,104,87,185
58,2013,277,146,144,180,79
8,2012,330,43,47,145,60
41,2020,51,90,106,174,71
18,2023,408,114,19,138,115
69,2015,279,147,124,10,92
66,2019,7,68,49,17,341
31,2020,94,183,120,68,159
26,2022,18,119,198,82,50
68,2012,43,17,145,172,287
55,2018,237,128,60,82,214
26,2015,12,121,147,158,2
58,2019,325,167,187,174,65
94,2018,340,12,72,138,269
66,2017,481,150,54,139,374
78,2022,367,194,162,182,108
34,2016,383,147,96,90,22
34,2020,181,151,43,83,376
44,2009,271,91,193,127,113
49,2013,57,72,70,98,151
80,2015,14,164,110,119,14
4,2013,213,52,99,178,203
71,2010,3,45,166,52,301
17,2011,476,150,79,93,247
86,2020,479,192,14,75,160
1,2021,159,64,120,94,197
98,2009,270,76,4,192,311
70,2023,132,166,116,153,146
75,2014,476,52,72,102,194
72,2021,11,173,20,176,222
20,2009,163,171,158,110,92
88,2021,331,142,167,21,392
95,2011,29,159,115,191,69
75,2021,35,10,81,162,163
2,2015,495,45,69,178,186
80,2017,471,152,128,52,294
55,2017,153,69,39,80,186
54,2010,34,24,187,159,222
2,2009,62,184,148,81,1
57,2015,53,96,9,181,301
95,2022,442,170,88,50,179
60,2014,240,7,133,191,216
31,2015,210,46,81,35,372
76,2020,299,160,102,110,350
49,2017,84,188,98,189,196
64,2011,25,195,182,35,341
10,2011,345,44,105,34,65
51,2015,336,104,41,56,63
12,2013,60,44,131,96,345
10,2021,28,4,28,137,204
29,2010,211,45,118,175,25
68,2018,211,194,21,36,60
81,2023,85,14,49,122,300
41,2012,419,77,40,192,189
21,2010,474,112,146,27,261
12,2011,267,113,79,126,228
70,2017,204,131,20,24,55
99,2019,222,57,8,43,380
1,2021,135,159,28,128,259
93,2019,315,168,30,103,341
91,2020,342,148,191,4,271
91,2013,30,87,180,91,107
24,2011,399,89,10,0,333
54,2009,386,122,17,169,131
35,2020,485,15,125,136,261
43,2010,97,197,10,178,233
56,2023,183,129,163,63,365
27,2020,115,133,15,108,290
77,2023,497,186,179,147,162
68,2010,163,25,148,177,379
3,2010,452,92,174,22,160
40,2010,315,116,158,97,157
42,2015,180,68,1,106,293
10,2022,491,143,143,146,251
46,2009,347,70,28,139,335
53,2010,129,121,2,170,316
17,2022,337,16,16,58,137
0,2021,197,6,134,156,309
39,2016,156,180,119,1,343
12,2021,142,169,42,9,178
59,2011,490,106,93,101,119
26,2019,27,112,176,112,185
98,2020,349,164,4,70,244
63,2016,173,2,149,57,94
57,2016,305,24,152,116,291
92,2017,389,118,187,31,18
31,2010,298,130,120,60,116
91,2011,471,180,86,199,324
76,2014,409,105,94,92,51
7,2011,99,80,63,19,198
30,2020,366,118,130,85,161
100,2013,347,35,101,198,197
6,2020,58,147,41,173,40
74,2011,314,34,97,43,353
82,2011,96,108,68,180,267
6,2014,417,166,83,104,102
82,2009,404,171,169,95,18
30,2009,196,33,38,4,239
42,2009,200,160,25,21,250
14,2020,154,11,21,157,307
