WMU,Year,Active Hunters,Antlered Harvests,Antlerless Harvests,Total Harvests
67,2014,350,111,192,94
38,2016,374,150,187,68
0,2011,227,33,125,82
33,2013,85,60,26,162
86,2022,213,160,181,74
42,2021,81,117,45,297
13,2020,299,160,149,349
81,2017,230,79,99,197
58,2021,156,107,173,139
50,2016,145,41,131,203
96,2020,402,170,13,151
84,2012,285,164,166,48
20,2021,440,20,45,199
53,2020,359,71,149,297
73,2017,83,90,67,276
6,2017,79,156,28,196
72,2018,102,40,174,172
78,2014,419,194,103,298
84,2021,97,167,191,349
36,2023,213,154,55,12
88,2013,389,45,51,368
100,2009,21,114,56,254
36,2013,383,161,80,46
33,2014,212,116,165,41
88,2012,245,115,5,277
43,2023,151,113,105,96
78,2017,229,146,19,345
32,2018,70,88,75,87
83,2015,356,26,139,359
34,2017,152,140,25,344
69,2021,219,117,151,172
73,2018,384,137,75,359
41,2021,329,129,54,313
37,2018,176,76,179,236
19,2017,162,92,124,363
27,2015,359,43,69,290
19,2011,74,40,179,400
43,2010,461,136,163,18
86,2022,304,182,134,343
69,2022,68,98,104,198
39,2010,278,120,17,159
43,2017,442,44,195,102
24,2020,211,49,54,343
69,2014,341,133,70,378
38,2017,246,89,170,381
50,2023,25,64,55,292
41,2015,473,120,58,247
5,2011,362,195,176,278
23,2023,168,68,25,3
31,2022,96,91,142,114
13,2010,478,35,69,348
1,2022,53,67,62,165
44,2012,27,183,150,301
17,2020,173,26,124,66
21,2018,245,139,108,296
77,2013,420,87,108,151
64,2012,357,85,45,205
69,2010,133,125,155,253
86,2012,262,149,67,241
69,2020,198,159,151,75
74,2011,465,185,2,171
80,2011,75,60,21,393
99,2016,345,130,71,388
12,2015,38,9,42,242
39,2021,480,134,0,293
88,2014,96,177,129,340
47,2010,295,15,136,295
88,2021,146,173,105,125
22,2013,368,134,72,257
83,2023,247,78,43,220
28,2013,498,34,89,200
12,2021,160,12,136,161
21,2020,28,195,112,321
92,2010,346,105,43,87
27,2020,483,65,53,318
47,2017,489,18,83,175
32,2020,284,67,93,42
44,2017,31,199,43,355
20,2015,154,188,44,195
30,2022,43,107,180,55
16,2023,406,19,163,338
72,2018,231,24,174,232
86,2020,142,101,112,81
82,2022,429,149,45,87
89,2022,158,51,155,178
47,2012,462,7,61,220
63,2019,67,187,184,341
93,2022,160,16,3,316
95,2020,303,27,132,14
59,2016,79,112,80,21
50,2013,210,66,13,271
92,2017,347,28,176,6
33,2022,190,170,93,294
9,2019,133,55,26,15
0,2017,106,155,153,215
42,2022,416,82,49,1
58,2023,285,67,136,303
25,2023,23,125,20,124
14,2020,436,115,11,195
57,2015,197,45,143,307
28,2016,309,105,39,299
23,2010,6,116,182,324
41,2023,242,190,54,40
47,2022,181,98,69,134
75,2010,24,149,194,328
38,2010,109,76,144,286
23,2011,318,122,161,127
52,2014,356,74,37,305
91,2018,118,150,51,262
85,2020,64,83,188,296
39,2016,428,183,144,387
96,2019,491,90,21,135
82,2013,57,84,131,400
89,2009,218,11,158,289
34,2020,319,54,128,267
42,2020,264,134,88,186
0,2023,302,194,160,294
28,2011,371,128,109,174
77,2018,133,106,1,400
21,2023,234,130,108,252
69,2011,157,74,122,25
27,2020,146,180,32,365
36,2020,498,137,11,111
60,2019,316,98,198,322
45,2017,479,37,104,280
66,2018,282,140,23,214
85,2015,219,190,14,125
98,2020,106,5,195,2
70,2020,176,100,123,243
98,2023,430,64,86,253
50,2014,365,62,39,126
43,2013,200,166,122,370
48,2021,320,148,121,273
59,2013,217,87,3,244
55,2011,332,197,147,43
48,2014,10,198,78,382
49,2014,11,144,166,9
90,2018,421,179,9,260
6,2019,384,163,62,395
19,2023,202,1,32,316
23,2011,186,176,184,274
50,2021,243,138,8,252
52,2019,445,31,193,305
15,2012,325,142,77,63
82,2010,491,173,155,183
99,2023,206,35,40,289
1,2022,406,33,146,329
47,2009,242,51,196,93
64,2016,364,156,145,183
43,2020,146,22,63,219
76,2017,131,116,18,253
89,2011,145,11,197,352
97,2021,171,25,107,306
65,2017,199,71,193,233
18,2023,149,164,7,229
16,2016,65,197,19,48
33,2023,181,135,47,314
74,2017,93,123,125,142
30,2023,276,81,123,213
34,2015,48,17,83,104
98,2017,378,151,24,21
45,2010,294,58,143,356
18,2015,115,4,63,150
74,2020,413,109,153,16
15,2014,172,69,191,205
39,2012,416,20,27,304
8,2017,70,200,183,69
49,2010,494,75,65,199
91,2010,467,34,83,228
23,2013,164,27,91,370
9,2012,483,58,145,146
78,2011,327,92,182,301
100,2011,320,133,34,121
31,2011,455,137,192,176
100,2014,439,0,158,36
38,2013,243,160,109,117
94,2010,300,35,198,60
36,2012,405,11,101,87
92,2020,334,148,168,299
11,2014,481,164,157,30
13,2017,151,150,155,323
15,2019,303,121,101,259
14,2015,391,40,45,72
1,2016,257,64,26,63
64,2020,420,110,16,173
66,2020,263,76,68,111
72,2013,16,9,110,387
16,2010,341,199,45,212
83,2012,332,5,15,173
4,2023,84,43,177,299
40,2012,142,150,38,247
90,2011,41,36,24,98
30,2018,29,181,83,176
71,2021,156,133,105,396
35,2010,29,28,78,292
48,2015,452,15,44,158
40,2022,358,8,160,371
28,2019,189,184,31,91
84,2013,68,28,119,67
63,2015,462,78,118,256
0,2010,436,188,28,110
52,2021,436,59,193,63
83,2013,90,27,109,288
56,2019,161,104,64,195
87,2019,403,182,198,22
52,2013,325,88,148,397
85,2019,461,56,146,43
49,2011,407,151,169,331
79,2016,119,82,59,265
29,2009,25,27,117,2
92,2019,31,193,170,399
1,2023,311,118,34,32
71,2021,259,74,172,154
77,2010,391,160,88,261
35,2022,154,54,78,292
89,2013,308,151,68,46
39,2020,207,179,13,397
36,2013,101,20,186,189
71,2013,121,151,187,92
55,2022,39,115,143,327
70,2010,355,110,195,180
99,2021,413,150,96,13
99,2016,337,48,18,374
72,2018,414,76,36,238
26,2011,307,36,26,161
40,2021,316,144,92,315
14,2019,132,117,200,23
56,2014,199,138,108,243
37,2020,479,83,51,380
61,2021,177,148,88,25
5,2010,397,98,88,305
3,2021,347,190,188,87
34,2020,229,161,8,345
98,2023,212,128,145,279
76,2011,268,62,141,215
56,2018,24,127,2,196
70,2013,265,13,159,53
24,2010,16,70,22,45
30,2016,164,102,101,368
36,2010,166,178,108,213
91,2022,406,23,13,36
27,2015,71,139,136,366
61,2013,474,72,56,315
19,2012,141,167,40,293
28,2022,393,123,165,162
41,2023,298,151,84,126
59,2010,82,147,186,259
64,2013,109,79,123,296
27,2021,320,111,98,109
77,2022,466,71,150,276
30,2015,231,98,176,299
11,2020,333,153,27,385
92,2014,6,44,60,317
79,2017,200,166,131,192
43,2018,496,15,31,306
73,2018,211,152,23,167
97,2012,421,7,67,279
25,2021,204,154,115,266
32,2023,281,78,185,232
3,2022,447,170,79,87
52,2017,268,109,188,294
85,2023,163,113,8,336
88,2017,200,109,41,244
23,2015,91,82,46,127
36,2009,128,72,25,336
14,2012,80,198,118,102
13,2021,30,50,90,117
80,2015,463,107,143,216
81,2014,273,32,82,356
96,2018,340,181,23,41
95,2020,13,145,139,186
71,2011,282,112,17,310
52,2016,489,142,4,224
55,2012,455,156,53,354
70,2023,497,181,136,82
90,2015,205,40,80,100
49,2017,263,38,133,221
72,2016,473,164,129,354
19,2018,255,24,1,104
97,2015,433,137,193,43
100,2017,136,12,134,115
92,2022,456,120,110,22
74,2012,260,63,158,309
1,2016,286,21,115,282
2,2020,63,175,20,100
37,2021,350,22,130,65
14,2009,161,124,139,210
27,2010,282,174,45,114
54,2013,348,8,117,238
68,2023,344,33,69,59
91,2021,112,32,155,46
77,2021,200,38,14,28
36,2018,106,96,157,64
42,2020,360,44,33,275
80,2013,485,147,93,191
0,2020,100,175,29,220
89,2023,231,87,119,75
44,2010,321,7,22,88
96,2018,441,47,97,223
82,2009,204,116,63,262
89,2016,298,96,115,382
22,2015,218,133,103,351
67,2011,212,124,158,302
79,2023,174,160,136,148
90,2010,492,189,77,178
56,2021,119,10,124,65
51,2011,395,19,43,219
79,2022,91,27,69,160
33,2020,487,55,168,202
92,2010,166,187,51,32
34,2022,104,64,134,379
73,2023,75,99,82,326
69,2017,198,23,111,309
59,2023,220,159,118,150
38,2019,473,67,2,62
48,2016,46,41,52,330
96,2021,216,44,141,235
86,2018,214,114,182,321
61,2009,252,146,85,250
32,2012,462,125,109,269
34,2023,430,118,26,111
10,2014,298,185,47,58
12,2016,381,170,20,360
49,2013,179,104,160,32
100,2011,41,10,99,179
59,2010,211,180,184,377
89,2022,61,20,82,315
89,2015,158,133,114,206
39,2020,303,41,65,72
33,2023,455,96,74,379
67,2012,480,85,124,22
55,2019,442,197,7,208
24,2009,0,46,55,22
37,2011,97,78,195,32
80,2013,31,69,47,352
87,2013,163,114,91,147
72,2015,25,128,23,114
44,2016,369,43,70,60
93,2009,48,165,76,288
72,2018,388,44,24,198
74,2009,413,10,109,250
21,2010,207,166,141,389
95,2022,380,182,123,245
2,2022,455,40,6,240
50,2011,83,180,126,257
18,2016,480,183,93,78
32,2009,27,169,61,19
51,2009,499,67,128,279
3,2021,184,180,140,393
76,2013,246,192,134,119
59,2019,495,166,2,282
64,2010,123,55,42,274
63,2022,135,57,45,306
52,2018,96,10,128,76
4,2018,1,73,29,137
43,2016,342,185,1,63
34,2021,269,121,179,117
22,2019,101,152,71,19
28,2020,387,190,36,307
34,2011,416,121,180,268
35,2016,359,197,200,137
72,2012,448,197,29,303
98,2021,175,103,61,180
34,2022,155,80,95,328
19,2013,450,74,60,361
21,2009,377,34,170,212
40,2018,378,147,185,313
85,2018,339,123,175,219
82,2013,91,159,164,47
17,2010,442,63,93,307
43,2019,228,106,139,348
38,2020,328,34,110,41
28,2013,305,151,191,273
90,2017,500,15,72,238
35,2015,381,109,133,208
31,2023,199,162,95,305
94,2012,332,150,113,4
50,2015,166,39,134,85
80,2010,485,42,75,182
100,2009,340,100,149,202
50,2015,441,171,41,5
51,2020,162,95,118,359
88,2017,245,122,192,121
72,2015,264,73,60,262
20,2010,6,91,163,195
20,2013,327,140,162,236
78,2016,115,41,101,319
100,2018,234,110,61,275
63,2018,260,65,168,243
87,2020,292,193,29,287
77,2010,234,129,83,299
70,2009,398,109,29,59
58,2017,268,41,90,322
90,2010,291,160,69,143
89,2009,303,96,174,106
29,2017,169,136,115,299
57,2019,174,167,196,44
14,2014,260,164,111,88
63,2022,256,15,110,177
5,2021,397,182,86,271
33,2013,346,16,187,121
20,2017,358,60,132,133
0,2011,470,124,178,263
16,2011,489,12,196,292
76,2018,417,63,82,64
61,2015,492,145,63,164
44,2011,417,81,177,247
89,2016,195,59,41,337
39,2019,221,25,69,331
65,2021,300,167,78,296
40,2016,73,64,142,376
7,2018,195,19,0,34
24,2021,392,182,146,129
94,2013,375,106,141,271
19,2023,278,17,92,347
83,2020,81,145,49,98
4,2012,337,77,16,292
73,2017,159,151,48,95
19,2019,227,22,155,237
54,2021,351,93,51,26
55,2014,263,168,72,269
78,2012,34,196,30,150
28,2011,49,2,68,205
1,2010,93,82,127,262
0,2010,36,74,99,223
59,2019,115,3,177,32
68,2022,66,127,11,244
57,2012,141,74,168,188
88,2013,467,174,128,143
100,2019,365,57,38,297
95,2015,411,178,21,32
39,2023,17,176,109,160
12,2020,247,63,174,354
24,2016,157,150,81,274
3,2012,121,5,30,281
41,2018,159,14,135,385
4,2017,40,144,59,15
51,2015,158,71,200,95
64,2022,487,15,106,200
37,2011,308,43,88,105
12,2012,314,27,7,21
7,2015,283,130,139,167
48,2022,136,109,119,52
82,2021,168,160,115,152
47,2017,76,195,122,177
46,2018,17,56,168,378
91,2016,314,49,65,78
48,2010,3,104,76,316
50,2010,375,170,181,219
45,2019,117,59,12,50
10,2015,457,1,15,36
7,2013,61,56,127,388
86,2020,418,66,82,25
60,2017,440,3,7,150
63,2016,89,44,15,101
83,2010,127,36,125,60
68,2009,293,140,104,310
65,2022,411,74,124,245
68,2015,186,20,124,28
11,2016,67,179,111,282
66,2014,496,71,185,351
89,2023,411,151,60,160
77,2013,322,85,64,231
76,2016,342,113,98,142
30,2018,418,51,88,308
97,2017,414,200,105,370
29,2016,218,30,85,50
25,2015,308,155,68,263
47,2013,103,17,91,4
6,2016,140,85,122,298
26,2012,310,111,185,102
42,2012,394,82,139,71
8,2023,71,12,77,200
7,2020,187,159,12,145
85,2012,71,6,198,67
44,2011,198,194,140,66
5,2018,388,149,88,265
26,2022,154,70,156,282
43,2013,130,76,96,311
93,2019,292,140,122,210
9,2013,132,127,133,294
29,2017,163,177,154,341
0,2010,60,45,74,323
5,2013,198,175,46,32
16,2014,265,108,29,171
59,2015,33,160,72,116
76,2011,457,175,121,12
53,2013,35,112,37,97
89,2012,17,134,144,102
1,2010,36,73,4,140
95,2023,79,198,18,246
46,2023,271,60,123,27
99,2019,240,72,18,298
43,2020,70,194,22,86
4,2023,486,140,196,196
86,2009,399,145,114,279
37,2010,74,144,200,231
83,2015,45,109,147,380
91,2021,28,119,69,252
27,2021,342,8,61,174
11,2011,128,66,94,288
98,2016,155,39,126,336
3,2014,276,91,54,261
46,2018,268,97,120,23
25,2010,153,68,83,88
76,2014,495,55,135,330
2,2019,16,35,127,70
14,2015,84,2,96,293
97,2011,269,172,81,323
37,2011,378,106,116,74
50,2018,72,58,123,293
3,2009,325,32,166,195
63,2010,151,13,59,95
25,2009,324,127,59,378
84,2009,280,155,140,265
84,2009,407,75,32,109
45,2021,192,181,165,214
54,2016,318,2,150,217
79,2023,83,93,113,83
100,2010,221,106,65,353
87,2023,441,46,145,102
20,2017,500,11,61,164
2,2017,323,173,132,327
89,2020,373,160,191,244
86,2021,89,193,121,280
99,2023,62,11,62,380
48,2019,281,108,20,244
21,2021,317,88,147,345
46,2021,85,25,142,209
2,2023,397,177,192,10
55,2021,231,10,175,49
3,2014,140,76,101,97
35,2020,424,112,132,288
57,2019,249,154,110,384
51,2009,305,191,160,394
100,2021,383,46,40,109
64,2020,328,176,135,86
100,2015,461,97,108,109
85,2019,232,91,171,20
84,2011,441,65,43,50
90,2015,279,199,69,244
74,2012,358,127,186,184
43,2013,207,117,124,50
10,2023,418,1,75,104
5,2010,248,104,160,135
47,2015,403,155,46,318
99,2014,461,86,156,80
56,2015,394,177,67,208
5,2017,489,20,145,284
83,2017,178,98,121,177
53,2019,313,140,43,196
96,2021,113,113,49,387
10,2015,323,62,19,240
74,2018,99,72,143,116
53,2019,234,150,154,320
84,2014,390,7,6,23
84,2022,267,156,99,238
80,2017,102,142,23,283
8,2014,410,83,132,130
53,2020,273,163,22,213
17,2010,274,6,137,369
30,2015,86,76,96,212
71,2021,363,140,194,198
86,2014,307,184,43,286
5,2022,339,172,198,104
10,2010,71,134,86,39
50,2018,96,185,99,263
100,2012,210,72,38,332
24,2014,198,111,55,172
1,2020,185,47,21,183
38,2020,130,2,192,256
31,2013,77,66,64,245
39,2021,197,170,154,105
58,2011,284,57,112,123
85,2010,253,72,86,336
34,2012,365,153,186,3
10,2023,196,120,155,32
76,2010,464,117,199,210
1,2016,376,146,130,139
69,2018,405,68,125,371
14,2017,333,171,54,192
54,2013,393,193,60,356
53,2015,202,35,140,336
40,2017,172,169,35,114
60,2009,374,141,18,69
91,2011,221,101,68,146
59,2017,10,122,69,140
64,2012,429,133,47,64
1,2009,80,40,136,287
8,2013,472,33,145,316
48,2017,326,71,147,162
68,2010,377,35,83,383
90,2015,120,96,45,216
92,2011,279,170,61,126
65,2012,210,27,75,89
100,2021,114,128,21,271
30,2017,29,37,101,294
77,2021,237,147,8,212
88,2009,119,103,189,100
84,2023,91,133,145,170
86,2013,75,150,190,285
69,2012,475,145,174,87
47,2012,95,96,117,187
84,2023,324,192,129,135
68,2020,307,136,20,229
62,2014,382,82,20,201
24,2021,278,173,156,78
16,2012,448,18,1,288
61,2011,491,142,146,40
32,2021,417,4,34,132
39,2017,209,74,72,168
82,2022,251,169,163,332
80,2021,247,174,23,115
19,2009,150,173,70,158
63,2013,465,55,105,152
86,2017,371,87,166,116
19,2022,45,23,191,22
48,2022,200,143,27,34
30,2011,66,6,188,367
4,2018,442,128,70,155
26,2020,92,184,110,137
96,2009,444,49,137,180
64,2020,437,137,183,147
60,2012,330,129,31,252
92,2011,394,114,35,167
97,2010,231,49,188,247
55,2009,315,129,6,117
35,2016,75,143,39,265
19,2017,403,101,55,114
84,2010,3,141,109,287
51,2019,216,51,85,279
87,2011,255,168,197,312
33,2014,168,23,198,251
46,2020,238,8,57,11
83,2016,500,141,60,297
66,2013,365,185,168,120
83,2020,105,150,26,393
33,2010,173,89,110,349
78,2018,261,142,187,24
29,2023,89,200,1,136
41,2020,412,169,44,356
12,2017,329,51,61,222
79,2009,254,121,190,51
35,2018,451,152,90,153
29,2020,414,152,38,170
92,2012,363,6,141,297
91,2009,341,78,55,46
12,2018,328,27,192,372
47,2014,378,22,125,21
6,2022,350,85,164,233
81,2018,484,82,121,38
60,2016,409,84,27,283
0,2022,119,125,196,217
67,2009,411,65,199,324
68,2018,198,130,52,168
61,2019,404,166,100,76
35,2011,10,190,183,358
97,2016,142,195,45,137
62,2015,390,88,122,319
25,2013,343,108,130,30
96,2020,216,194,105,147
18,2021,264,0,30,292
80,2018,107,108,127,17
12,2021,402,154,66,10
49,2016,3,187,109,192
38,2016,21,171,133,110
99,2021,214,50,10,300
70,2015,337,14,168,354
85,2015,29,66,53,367
72,2014,421,131,32,220
95,2016,147,173,52,227
51,2014,124,180,6,266
96,2010,413,138,119,168
48,2019,316,138,12,88
27,2018,378,92,57,139
11,2020,31,53,134,52
93,2022,400,145,21,136
60,2021,215,92,40,4
55,2011,206,83,119,239
34,2009,195,3,102,340
25,2021,263,82,86,248
2,2009,353,146,83,198
78,2010,418,70,24,10
38,2022,274,69,198,179
86,2011,461,128,126,310
88,2017,145,39,138,42
0,2017,405,147,130,216
91,2020,103,123,113,203
8,2023,255,170,153,59
13,2014,498,96,99,393
94,2014,271,111,101,64
79,2021,215,57,81,279
84,2018,215,128,35,100
43,2015,392,1,74,336
75,2018,250,130,134,150
93,2016,149,184,2,113
85,2014,321,179,117,7
47,2016,441,199,176,348
64,2014,349,97,60,166
11,2011,419,11,5,53
91,2012,326,189,148,254
11,2012,123,132,110,44
24,2009,283,0,58,343
49,2011,256,173,15,29
88,2012,47,5,147,98
7,2015,390,159,157,336
53,2016,31,78,56,372
30,2020,38,196,103,205
68,2017,397,172,136,315
11,2021,138,122,194,303
29,2012,21,144,197,56
8,2015,89,138,11,297
65,2009,348,107,99,47
8,2021,101,72,45,368
40,2022,458,69,8,129
42,2021,247,112,120,292
21,2013,307,52,88,381
26,2022,399,59,156,303
41,2014,223,186,0,15
59,2017,405,185,40,39
86,2019,65,173,67,235
97,2013,18,82,71,84
66,2013,91,161,90,79
59,2022,293,24,40,333
0,2019,223,82,196,272
65,2021,174,145,132,261
82,2014,369,142,80,326
28,2015,358,172,24,169
68,2014,431,43,153,252
97,2009,25,134,190,7
11,2011,313,0,40,130
81,2011,457,164,160,184
33,2013,348,199,127,270
46,2017,233,7,105,306
61,2015,192,6,162,144
12,2010,406,85,123,392
38,2015,112,187,112,256
3,2014,276,72,29,64
69,2018,480,57,99,38
49,2016,490,161,72,258
47,2015,92,59,145,252
86,2018,25,172,23,233
88,2015,275,154,93,256
79,2009,143,1,168,397
21,2019,274,20,143,157
25,2019,363,147,142,189
39,2010,297,178,15,327
47,2021,431,180,187,249
13,2009,109,171,90,269
5,2022,248,117,169,108
53,2022,481,53,193,179
71,2009,149,191,28,381
84,2013,117,23,66,193
23,2020,8,105,179,199
66,2010,309,116,141,278
36,2022,395,10,11,232
13,2018,472,118,133,2
26,2012,238,76,7,278
76,2014,381,187,40,320
82,2011,259,22,62,71
2,2013,405,166,46,265
28,2012,311,85,182,32
60,2015,51,178,194,9
68,2018,437,14,70,238
88,2021,105,187,166,379
94,2013,315,174,178,338
77,2010,23,88,183,354
58,2022,75,178,166,158
99,2010,195,169,170,263
83,2011,441,97,110,143
30,2020,309,8,84,142
76,2011,353,149,152,250
2,2020,359,62,63,292
39,2010,178,115,199,226
23,2017,466,45,140,325
92,2020,238,73,144,361
9,2022,78,33,59,106
76,2014,423,20,57,102
61,2020,164,122,17,195
41,2017,425,106,159,239
69,2015,280,101,118,15
73,2017,93,43,192,6
18,2015,105,81,31,319
81,2020,487,184,35,17
54,2009,83,150,183,373
84,2015,384,54,39,245
45,2010,87,76,21,289
22,2015,16,174,73,120
89,2017,127,41,92,176
78,2012,82,135,46,55
92,2016,354,60,73,386
41,2009,490,18,92,73
28,2018,170,104,74,50
68,2019,243,52,165,248
85,2021,359,121,184,330
64,2019,28,78,73,166
85,2022,220,28,172,192
12,2011,476,137,14,390
21,2010,312,53,126,335
57,2013,208,21,12,94
69,2016,70,110,100,176
40,2023,447,73,78,255
96,2011,406,79,144,188
23,2021,187,69,43,287
21,2009,365,179,42,121
32,2012,340,75,24,39
73,2014,202,59,186,72
82,2022,447,0,102,287
7,2018,344,14,90,240
11,2019,29,184,188,60
74,2019,372,165,83,97
15,2020,246,92,113,156
42,2012,93,100,52,76
20,2014,408,33,121,391
5,2013,293,64,180,95
87,2013,446,42,73,73
89,2010,398,90,108,374
71,2020,493,47,12,67
20,2013,52,183,121,387
6,2015,142,70,103,147
98,2015,115,54,142,387
41,2015,415,29,173,122
32,2020,376,68,128,181
93,2016,78,145,102,393
4,2017,45,175,192,154
4,2018,425,166,28,379
3,2012,236,18,34,21
10,2017,133,45,121,292
1,2017,253,155,24,105
9,2011,143,66,155,222
33,2016,355,143,114,207
1,2014,323,188,47,41
75,2018,61,37,48,339
5,2014,74,169,1,297
57,2019,276,74,56,6
72,2023,102,7,91,67
82,2012,424,40,58,370
4,2009,136,37,76,340
80,2019,390,54,125,148
72,2011,178,131,172,364
53,2009,37,73,15,217
53,2021,235,36,176,11
88,2015,141,10,147,337
12,2010,21,118,78,248
11,2010,161,88,51,221
34,2009,191,1,21,227
7,2009,237,171,103,151
1,2010,141,200,31,398
61,2012,58,172,103,183
57,2010,78,21,188,345
72,2010,313,176,44,24
94,2020,473,16,159,400
47,2014,51,24,83,318
57,2011,381,88,155,158
70,2020,137,114,17,37
4,2010,45,78,48,224
54,2009,362,90,133,328
6,2013,307,58,87,326
38,2013,49,96,195,342
43,2016,197,133,131,162
94,2015,56,99,119,17
57,2013,434,188,196,263
1,2009,485,131,129,325
83,2014,458,71,61,29
51,2017,32,119,39,25
56,2020,100,112,3,10
50,2009,233,175,186,392
58,2014,293,188,146,379
40,2014,492,62,136,220
71,2015,321,27,179,276
24,2018,457,106,133,358
34,2012,54,181,145,232
20,2011,23,141,111,330
31,2022,91,92,82,313
61,2021,201,56,24,387
79,2018,138,0,137,16
6,2010,38,152,26,197
88,2017,4,42,19,99
82,2020,247,5,35,51
98,2015,487,97,179,20
88,2017,75,101,187,181
12,2010,449,81,178,293
47,2019,135,47,60,302
50,2021,151,146,41,140
73,2021,486,144,93,261
33,2013,189,50,163,332
15,2012,186,151,187,303
74,2017,103,85,18,201
50,2022,95,55,188,345
87,2018,259,34,113,287
2,2021,385,46,52,342
70,2015,298,130,9,349
93,2020,229,165,189,156
21,2014,485,88,84,177
61,2020,335,119,122,99
31,2017,369,59,56,252
22,2021,13,161,124,307
87,2013,112,125,196,363
11,2022,282,50,19,220
27,2017,339,184,1,166
7,2014,331,19,42,146
22,2022,123,160,69,346
12,2021,218,187,40,388
17,2019,45,127,145,194
58,2014,378,83,24,301
65,2013,283,97,46,145
50,2020,161,60,37,345
11,2016,449,43,90,145
9,2020,319,9,54,134
55,2018,11,60,154,106
43,2015,452,180,47,42
22,2014,500,170,86,251
69,2019,2,56,132,71
7,2023,234,190,117,386
22,2017,238,159,17,332
12,2022,242,52,189,256
93,2010,246,176,89,320
97,2009,139,14,159,214
7,2020,180,177,81,18
11,2019,74,36,28,210
50,2021,133,59,139,20
85,2020,103,117,191,92
22,2011,421,200,12,299
51,2022,121,182,119,239
2,2012,354,5,31,231
3,2022,200,113,191,383
52,2017,258,14,62,369
84,2020,164,182,85,238
75,2019,71,163,152,49
87,2018,310,93,33,363
12,2017,197,195,116,396
70,2019,165,61,195,17
90,2017,145,112,106,171
21,2015,324,176,48,275
55,2021,371,68,162,130
57,2017,446,180,10,390
54,2012,319,134,54,11
98,2018,418,77,57,280
95,2015,93,35,112,288
4,2019,130,105,166,159
51,2019,371,30,15,207
46,2011,142,37,5,163
54,2012,362,122,81,150
37,2012,413,7,87,59
90,2016,222,89,125,277
9,2018,69,196,22,53
28,2016,214,200,61,134
76,2018,271,66,94,263
56,2017,445,190,35,189
54,2020,193,34,113,201
11,2009,77,159,191,272
63,2022,422,175,30,242
90,2014,369,158,113,217
41,2016,226,65,73,302
60,2015,160,66,123,18
47,2022,24,10,65,21
0,2018,286,63,187,29
72,2014,142,120,73,55
98,2015,457,19,69,301
10,2019,382,100,128,155
57,2012,369,23,39,271
99,2021,184,116,1,149
48,2021,197,106,113,185
36,2013,217,169,156,71
54,2018,95,33,93,177
73,2010,347,52,154,384
20,2016,226,114,152,370
60,2012,137,144,83,71
99,2014,239,182,112,252
22,2022,338,103,51,183
91,2017,214,129,131,283
31,2022,104,89,26,353
24,2018,155,154,198,354
23,2012,296,88,53,398
75,2015,491,73,100,149
57,2018,354,120,157,310
4,2023,27,129,106,357
30,2011,278,61,140,235
80,2013,271,12,143,42
5,2011,438,108,170,86
45,2021,273,6,200,106
28,2013,359,93,124,279
82,2011,52,152,176,292
89,2012,271,152,32,95
90,2021,410,51,200,282
64,2014,110,35,167,352
64,2019,254,195,178,312
8,2016,127,133,195,318
69,2017,404,33,127,372
63,2009,346,184,86,138
41,2023,215,185,115,34
99,2021,354,36,148,19
24,2018,167,149,184,328
62,2013,44,102,73,336
67,2018,368,52,83,3
72,2016,200,166,54,1
72,2023,478,163,162,288
56,2012,300,64,141,262
38,2022,206,50,82,325
61,2011,61,55,6,128
35,2019,34,177,4,311
57,2017,83,190,129,290
18,2022,379,68,4,269
3,2013,86,77,63,267
34,2018,64,49,64,119
54,2020,152,134,126,77
92,2023,223,107,102,12
55,2022,111,94,184,309
15,2020,149,81,75,233
2,2012,307,33,61,275
40,2021,153,35,40,205
99,2018,394,163,12,385
19,2015,193,176,17,27
13,2023,18,184,182,194
13,2010,121,113,45,372
45,2023,48,143,147,92
96,2017,166,12,191,121
0,2017,406,54,61,122
63,2018,63,172,184,197
98,2014,160,6,25,386
82,2018,102,15,25,181
23,2012,276,40,172,157
74,2021,256,40,173,243
22,2011,106,97,105,171
49,2021,185,72,47,121
65,2016,171,50,160,125
19,2017,66,48,62,121
77,2018,201,15,8,31
73,2013,396,46,31,294
20,2016,187,85,120,52
32,2010,457,61,22,269
31,2018,296,168,170,271
27,2022,140,168,179,141
27,2019,272,28,53,319
70,2020,428,29,187,128
3,2010,493,82,70,167
88,2023,400,124,115,139
29,2018,55,16,79,38
29,2009,479,14,135,263
36,2019,229,62,191,146
31,2016,151,144,200,173
9,2015,111,190,48,390
44,2022,182,53,124,89
22,2020,279,194,139,194
8,2016,203,128,173,46
32,2016,44,32,138,131
54,2012,254,86,162,14
74,2023,125,69,104,98
83,2009,497,118,48,238
83,2009,109,111,77,104
54,2017,197,143,43,153
97,2023,237,60,100,36
72,2012,58,152,69,183
46,2016,358,198,133,268
12,2015,162,33,33,17
4,2009,64,11,79,52
62,2023,301,70,125,373
2,2013,101,94,175,212
25,2012,350,123,173,20
16,2018,57,109,43,313
64,2011,9,4,11,198
45,2015,104,92,109,282
47,2018,345,116,27,330
7,2010,466,67,45,236
82,2015,168,24,185,229
81,2020,441,24,96,55
1,2011,160,182,44,272
45,2023,284,116,39,3
85,2021,292,100,6,82
35,2011,434,24,88,227
54,2021,14,19,61,331
67,2013,408,140,48,150
77,2016,275,90,120,76
60,2010,265,93,50,254
74,2015,115,116,129,107
44,2019,32,57,64,69
15,2014,493,79,179,234
24,2016,154,183,81,293
35,2011,195,17,110,365
68,2012,104,30,143,28
90,2014,379,66,146,38
94,2020,422,61,44,23
26,2016,92,168,102,356
1,2011,173,124,30,247
95,2021,394,119,79,170
45,2012,426,107,168,144
86,2011,349,61,150,71
83,2018,442,25,32,217
69,2017,459,77,108,148
68,2016,342,66,73,266
82,2009,386,10,159,47
17,2010,95,28,119,123
97,2022,500,75,15,88
84,2021,258,60,80,98
83,2021,28,175,63,287
89,2018,288,43,67,291
95,2015,72,180,118,277
38,2017,318,9,138,123
73,2012,267,111,163,185
10,2022,44,27,178,279
84,2018,297,93,195,284
12,2014,261,104,71,268
62,2016,56,19,15,75
19,2016,69,184,158,296
37,2011,23,58,131,36
70,2019,395,71,174,208
100,2011,14,80,144,149
28,2010,394,34,165,290
80,2017,372,77,91,201
7,2010,323,45,139,198
37,2018,212,136,88,17
31,2017,3,177,54,61
23,2019,53,81,127,391
69,2010,34,100,134,7
86,2013,324,34,131,298
73,2011,218,52,198,185
10,2020,10,112,170,176
9,2012,206,200,98,209
13,2021,408,31,52,150
42,2009,97,136,198,191
79,2021,255,89,58,22
45,2021,379,152,120,373
26,2014,157,111,30,84
0,2018,229,132,130,390
67,2009,336,198,10,320
38,2023,350,45,79,119
53,2016,175,83,91,1
22,2014,321,115,103,152
95,2018,347,70,187,143
15,2014,190,124,127,355
39,2016,267,33,46,140
19,2011,29,165,46,361
3,2010,353,152,148,45
8,2009,482,16,7,344
79,2023,430,88,101,86
94,2017,214,148,53,208
9,2010,240,7,62,354
32,2013,343,35,68,83
16,2017,287,145,23,294
12,2015,263,91,96,199
88,2014,359,185,129,343
17,2022,303,128,100,148
63,2009,2,84,103,37
88,2009,408,170,77,35
73,2015,312,50,14,262
61,2019,264,85,136,106
28,2022,388,109,166,376
8,2013,78,107,165,325
43,2023,254,107,106,363
47,2021,32,56,129,334
67,2021,161,131,194,3
25,2014,67,53,95,376
81,2018,348,140,57,335
34,2019,301,32,12,199
48,2023,228,95,77,199
0,2021,390,54,91,340
84,2021,163,172,200,46
59,2016,308,150,136,254
77,2022,305,84,51,255
93,2021,126,26,47,261
64,2014,323,112,122,202
86,2016,321,53,119,356
57,2009,80,184,180,309
54,2015,423,111,189,61
40,2019,214,95,126,276
82,2018,273,161,72,99
90,2009,397,11,152,84
6,2018,187,180,144,157
77,2018,404,172,172,359
31,2015,215,31,109,312
48,2014,440,13,107,363
13,2021,404,110,176,332
91,2009,213,12,127,342
83,2014,220,197,69,211
46,2010,111,162,200,139
64,2020,222,156,58,388
48,2016,70,195,101,35
6,2020,345,156,14,285
91,2021,209,10,146,380
87,2023,148,126,95,119
89,2011,254,6,30,79
54,2019,18,181,197,277
29,2010,223,17,46,148
36,2018,258,75,19,67
87,2012,78,81,119,170
55,2013,490,98,89,346
91,2021,343,3,167,12
39,2022,88,178,44,276
37,2020,35,47,107,236
86,2021,111,169,12,77
28,2010,168,38,185,312
39,2017,456,53,133,158
78,2020,348,159,154,93
52,2012,201,192,50,5
9,2011,47,55,126,335
98,2022,98,47,164,160
88,2018,331,68,70,334
72,2023,264,29,15,131
77,2021,288,171,110,130
82,2017,36,116,26,321
60,2012,82,191,168,245
55,2009,185,1,193,384
25,2016,483,153,15,308
79,2009,72,105,181,144
94,2013,288,124,42,320
12,2012,473,24,20,121
46,2020,190,172,106,176
2,2011,256,142,134,113
74,2009,377,55,37,166
17,2016,369,30,40,221
14,2018,248,45,145,324
66,2018,329,134,15,96
18,2019,452,69,119,99
54,2021,399,71,134,88
35,2020,450,195,50,350
14,2013,481,95,153,21
12,2010,72,37,162,271
74,2021,240,155,92,270
7,2016,433,4,122,288
68,2019,216,189,48,34
28,2017,52,58,44,345
28,2023,36,15,3,45
32,2023,420,157,132,397
26,2015,244,119,152,4
48,2014,132,156,36,22
21,2020,75,100,52,141
47,2015,156,20,13,69
32,2015,9,85,122,320
35,2010,302,39,143,164
97,2015,147,137,129,322
32,2019,23,179,119,3
15,2022,316,8,122,374
15,2020,126,169,64,110
31,2020,362,114,160,310
67,2015,441,27,75,282
82,2014,201,131,60,319
53,2018,414,19,106,350
98,2017,53,80,182,91
59,2017,199,121,4,334
92,2011,442,132,187,208
52,2019,42,9,132,268
8,2021,259,110,56,118
68,2009,17,31,103,94
42,2011,214,5,115,210
46,2012,30,15,138,130
4,2022,445,45,138,357
23,2010,89,43,132,353
74,2022,200,56,6,16
73,2010,461,21,131,29
20,2010,323,122,49,124
61,2018,359,110,61,77
84,2021,141,183,178,144
41,2013,136,179,145,164
70,2019,480,166,153,21
4,2011,489,185,134,360
45,2016,238,101,110,389
63,2020,317,19,59,108
72,2022,448,158,141,295
8,2012,148,175,42,75
90,2011,99,41,187,359
46,2020,50,148,38,335
75,2020,6,67,64,179
14,2023,374,163,31,384
86,2021,164,107,150,131
46,2010,230,95,143,204
99,2011,212,44,20,115
89,2016,185,114,30,5
6,2011,402,137,78,195
96,2012,410,49,71,28
47,2013,326,46,4,22
82,2022,286,67,157,34
79,2009,471,147,80,334
85,2022,490,108,60,92
54,2009,80,55,86,169
80,2015,167,106,176,153
97,2012,323,2,83,165
21,2021,327,174,37,137
81,2017,45,160,51,225
67,2018,487,32,155,116
15,2018,203,116,199,223
38,2022,417,79,41,100
36,2020,478,135,91,97
14,2018,209,102,14,5
23,2013,93,1,121,146
96,2018,77,157,39,164
55,2017,224,71,39,116
61,2012,457,38,177,296
68,2020,314,53,176,266
99,2021,279,3,64,317
9,2012,61,161,19,149
43,2014,452,135,33,147
77,2011,354,140,33,258
22,2020,229,134,5,348
46,2021,118,147,25,54
86,2022,414,46,170,305
85,2009,175,175,36,94
28,2019,490,99,57,85
74,2017,436,106,196,247
94,2012,27,56,179,283
65,2019,84,197,99,57
3,2014,128,116,43,241
9,2011,162,122,162,110
12,2011,29,107,102,289
36,2012,95,44,2,61
50,2022,148,108,174,91
65,2011,49,180,103,373
10,2022,136,127,181,106
68,2011,40,179,108,252
54,2019,472,9,115,148
59,2013,276,164,63,267
27,2020,75,20,95,134
45,2009,410,180,103,7
36,2017,317,60,176,53
6,2022,72,157,107,201
78,2014,236,135,164,373
30,2010,156,44,0,142
77,2019,263,157,168,148
42,2010,255,18,59,120
94,2019,339,130,14,247
80,2009,295,192,108,65
9,2017,67,38,158,390
71,2010,409,122,77,129
66,2021,204,119,3,315
51,2021,140,134,84,372
69,2011,458,3,159,386
63,2020,260,137,47,37
24,2020,419,123,116,134
41,2010,414,49,12,283
38,2010,442,8,142,362
76,2014,388,105,96,237
96,2023,17,85,94,83
11,2023,474,35,190,19
73,2023,345,104,173,236
56,2010,156,137,20,118
24,2015,249,187,50,116
0,2013,10,130,170,243
9,2021,83,59,152,379
27,2014,427,89,124,133
36,2017,83,40,138,324
48,2014,142,155,129,227
32,2009,479,197,190,242
94,2013,447,73,67,263
71,2022,462,40,171,292
1,2009,70,107,24,130
70,2017,384,0,91,184
65,2015,277,71,53,201
24,2016,23,99,7,361
93,2019,151,60,42,206
5,2020,223,187,151,71
59,2012,329,69,6,335
85,2022,495,38,15,251
65,2013,303,53,1,197
32,2012,184,198,149,145
4,2010,334,2,65,295
96,2013,332,8,192,90
2,2018,63,87,65,355
5,2016,50,199,92,399
99,2011,189,105,52,348
84,2020,421,98,170,159
83,2020,90,61,16,300
98,2020,371,121,184,6
38,2013,125,21,184,161
95,2011,460,96,145,190
15,2016,388,45,36,24
66,2017,366,44,135,49
56,2013,419,177,77,40
80,2022,157,29,187,26
31,2015,437,88,147,204
0,2016,318,44,75,139
17,2020,334,103,181,75
40,2021,27,30,153,69
23,2019,423,146,93,217
74,2015,395,9,14,10
1,2011,383,149,76,169
10,2021,254,8,188,57
74,2017,184,45,23,363
45,2021,274,129,98,265
96,2012,238,75,48,196
31,2011,188,189,170,263
98,2020,387,116,143,170
65,2022,17,71,144,327
6,2010,172,94,169,326
25,2011,284,17,110,344
19,2023,297,88,167,314
16,2018,442,14,30,296
26,2016,434,42,24,23
46,2013,261,86,82,57
70,2016,387,45,0,240
70,2013,326,137,103,243
91,2023,357,40,59,149
87,2022,267,124,113,386
37,2019,346,77,49,94
30,2020,300,200,84,131
1,2012,479,196,45,350
93,2014,81,12,133,386
68,2009,409,199,166,103
52,2017,476,126,115,208
36,2013,492,111,58,56
69,2018,12,131,150,100
56,2009,269,31,151,205
49,2013,434,163,11,233
50,2018,27,59,62,159
17,2013,297,118,61,291
28,2021,19,79,90,278
24,2021,231,121,134,11
63,2019,39,49,5,19
15,2019,393,82,41,240
59,2015,130,38,44,49
69,2013,73,179,114,239
74,2018,170,83,23,248
11,2020,450,99,9,5
57,2016,413,48,137,286
94,2021,171,142,41,291
19,2020,273,60,87,102
40,2022,132,6,102,150
21,2021,261,30,58,225
8,2017,174,186,182,91
37,2009,453,199,94,41
66,2011,494,122,147,237
21,2013,138,109,124,172
43,2017,20,80,70,293
58,2009,146,113,137,94
49,2013,85,191,32,245
2,2021,5,184,92,168
48,2009,57,17,133,33
83,2015,257,14,159,334
89,2015,360,13,70,141
89,2019,193,198,35,44
95,2015,80,152,139,54
19,2016,117,197,76,399
61,2022,131,49,117,222
95,2018,37,65,199,169
39,2013,282,62,115,251
74,2023,382,46,129,23
21,2014,377,95,108,83
46,2020,343,128,170,224
67,2018,243,187,156,393
90,2010,256,107,14,143
39,2014,5,118,98,157
19,2011,210,149,61,149
7,2017,400,68,169,234
76,2017,296,182,21,341
63,2015,6,123,64,367
8,2011,123,13,66,104
8,2022,37,186,11,147
21,2009,20,145,86,263
77,2022,339,173,124,8
38,2022,132,139,53,266
45,2021,318,103,156,392
84,2014,199,59,171,398
16,2016,427,121,60,124
74,2018,185,62,74,128
66,2009,165,34,119,153
78,2021,440,176,9,49
43,2021,97,122,65,263
63,2017,146,7,164,259
88,2010,125,174,131,394
33,2021,145,77,126,178
15,2016,314,36,166,102
76,2023,444,81,47,327
87,2018,450,144,52,148
62,2023,190,120,196,233
69,2017,81,3,20,305
49,2021,362,54,82,315
98,2009,273,35,157,89
90,2009,423,9,53,74
15,2022,179,106,165,52
21,2019,395,113,104,296
42,2023,429,5,181,132
81,2022,127,70,107,26
58,2022,438,76,45,263
1,2023,373,12,118,114
35,2022,150,13,112,323
86,2009,407,28,171,175
61,2016,161,1,46,294
59,2010,126,63,76,178
86,2020,375,115,160,324
79,2016,367,147,36,262
94,2021,177,179,11,289
32,2021,256,147,177,263
41,2018,420,55,138,100
89,2019,162,75,199,60
29,2017,50,127,143,206
67,2010,495,10,76,3
9,2015,346,155,90,18
59,2021,307,80,124,244
54,2014,256,147,14,215
63,2013,483,46,59,91
26,2021,64,62,53,116
46,2019,259,84,129,221
44,2013,307,180,110,218
6,2014,24,8,100,240
45,2010,264,127,57,313
9,2013,117,69,5,110
14,2015,151,148,189,270
96,2014,68,136,22,139
38,2021,411,34,111,291
37,2013,320,42,137,146
35,2021,479,185,175,85
12,2019,234,154,49,227
84,2023,108,69,43,329
95,2016,24,53,107,79
36,2014,12,32,190,305
61,2013,150,170,65,396
5,2022,137,0,12,78
89,2023,122,25,30,320
48,2015,372,38,32,22
19,2020,18,36,96,392
86,2015,374,11,42,157
78,2013,371,90,183,377
39,2010,62,120,36,148
10,2010,273,41,170,373
66,2013,460,100,138,71
24,2016,290,121,176,196
53,2020,445,66,197,303
20,2021,334,190,160,276
33,2011,494,163,156,95
58,2020,453,183,187,174
45,2018,373,4,58,60
4,2010,40,71,96,156
67,2023,220,181,179,14
46,2020,93,141,2,53
65,2009,446,63,120,162
24,2013,206,12,138,149
94,2013,39,130,30,205
7,2015,30,151,183,23
96,2021,220,128,111,23
39,2012,102,161,76,102
40,2014,235,3,52,292
42,2022,147,48,161,53
14,2011,127,68,89,11
71,2022,165,20,115,164
49,2020,347,10,122,217
42,2019,306,166,111,150
79,2014,112,45,161,57
87,2020,117,42,153,94
78,2022,198,156,118,209
85,2010,131,98,30,340
4,2016,410,141,50,8
1,2023,118,122,59,52
91,2021,133,117,113,171
46,2011,298,94,40,273
46,2023,270,114,163,323
40,2018,397,6,113,89
25,2022,427,23,81,54
46,2018,234,81,101,148
26,2011,362,16,90,366
14,2009,305,193,127,379
34,2012,162,127,35,245
17,2017,97,96,98,311
93,2009,112,11,68,118
3,2012,286,160,176,115
20,2015,362,158,176,60
86,2021,273,114,113,27
51,2014,19,48,108,285
16,2012,361,60,178,199
79,2013,304,26,193,29
37,2021,103,160,109,268
78,2016,24,124,53,390
50,2019,327,81,131,261
44,2016,464,174,81,283
69,2012,296,194,156,110
14,2021,83,10,121,214
87,2011,29,168,90,56
41,2016,135,95,174,109
18,2021,73,30,6,138
26,2020,354,22,180,330
74,2010,100,96,5,343
2,2015,120,86,157,240
29,2019,27,3,4,172
78,2010,149,22,140,343
67,2017,69,139,194,315
11,2013,162,14,84,142
72,2009,100,3,146,52
82,2018,469,151,185,161
84,2009,207,59,166,127
97,2012,44,96,168,192
89,2021,467,55,123,371
40,2010,445,55,143,323
57,2022,176,181,174,199
61,2021,234,152,6,310
77,2018,416,179,136,240
81,2017,457,117,195,257
73,2020,386,10,45,342
37,2014,381,198,15,279
52,2017,374,113,112,125
1,2022,270,51,46,320
45,2014,380,7,130,260
67,2020,451,115,52,246
46,2022,248,50,161,63
7,2021,16,154,188,392
23,2011,182,33,18,341
66,2022,144,180,180,17
17,2014,197,172,143,42
10,2009,31,176,146,63
93,2018,407,129,100,3
17,2011,317,191,70,220
3,2021,469,141,85,80
59,2019,17,166,105,319
51,2021,14,15,144,278
56,2019,163,61,79,343
79,2014,79,67,98,328
58,2013,75,81,36,156
76,2015,181,173,32,2
83,2012,144,2,103,122
96,2009,94,140,108,399
79,2020,137,185,1,116
97,2013,277,117,183,269
58,2013,105,198,128,339
89,2015,293,23,20,197
3,2013,116,119,103,0
85,2011,115,31,141,164
28,2014,251,182,99,282
13,2014,92,129,120,187
84,2023,280,111,147,138
17,2016,178,119,12,2
58,2011,200,98,190,141
24,2015,482,83,52,108
33,2016,155,109,108,66
95,2013,62,31,167,104
88,2010,348,93,153,8
4,2021,326,63,14,86
62,2015,147,127,120,198
49,2015,6,49,10,158
4,2011,159,68,144,188
88,2018,461,172,58,252
73,2016,9,17,130,27
33,2011,134,143,127,180
46,2020,472,16,154,152
84,2016,7,11,195,246
28,2014,190,28,77,191
23,2022,315,177,176,265
45,2010,337,110,100,159
97,2015,265,164,39,340
91,2022,146,192,118,149
95,2015,115,52,62,92
62,2020,40,80,50,176
18,2022,279,144,157,213
23,2015,30,23,2,206
8,2022,40,70,135,96
97,2014,407,79,21,93
40,2021,437,101,45,151
71,2015,0,112,84,49
5,2014,182,183,146,208
99,2013,450,48,104,18
90,2009,238,151,164,15
8,2015,21,142,112,331
60,2012,272,134,21,293
43,2010,313,190,144,270
70,2019,99,198,54,375
33,2014,96,154,65,113
74,2014,18,169,126,157
68,2022,299,142,131,155
60,2012,442,194,134,86
66,2020,114,128,62,170
63,2011,454,27,139,173
10,2010,46,195,159,82
58,2020,290,94,158,300
60,2019,288,60,154,22
65,2011,236,57,30,135
15,2010,96,164,19,29
80,2022,5,53,197,29
87,2020,475,118,198,224
52,2011,10,45,170,256
93,2019,401,28,192,395
52,2023,368,164,172,321
44,2018,244,63,195,281
41,2010,474,63,187,354
41,2018,5,173,153,64
77,2017,39,88,46,286
34,2011,486,5,181,2
53,2012,17,69,200,244
53,2012,110,109,147,120
67,2009,357,130,15,352
2,2018,260,104,122,301
43,2010,234,107,4,214
34,2013,409,102,140,101
94,2016,328,175,146,394
22,2018,136,197,154,15
61,2022,360,66,86,287
34,2015,14,25,27,143
89,2010,122,165,20,330
24,2012,373,133,126,370
40,2021,127,182,186,372
98,2015,377,183,32,269
16,2014,429,91,36,214
25,2018,486,69,12,100
60,2014,316,12,133,56
45,2023,138,50,162,234
56,2010,51,84,142,22
7,2016,36,191,123,124
10,2021,155,48,115,204
55,2022,387,137,56,64
31,2014,286,20,173,330
62,2014,479,14,170,26
53,2023,135,42,104,104
21,2011,285,68,91,141
66,2021,189,196,118,19
82,2019,54,79,58,156
15,2014,238,43,156,193
